entry_time,exit_time,side,entry_price,exit_price,sl,tp,result,lots,risk_usd,pnl,equity,scaled_out
2025-05-13 08:30:00,2025-05-13 10:15:00,short,1.11141,1.11075,1.1119664285714284,1.1083774500000003,be_trail,8.985879332481163,50.0,58.3761232349466,1058.3761232349466,True
2025-05-13 11:00:00,2025-05-13 15:30:00,short,1.11162,1.11141,1.112129,1.1067141,be_trail,10.396622035709386,52.918806161747334,21.832906274994233,1080.2090295099408,False
2025-05-14 19:00:00,2025-05-14 19:30:00,long,1.12059,1.12019,1.118589,1.1265929999999997,be_trail,2.69917298728132,54.01045147549704,-10.796691949124092,1069.4123375608167,False
2025-05-14 21:00:00,2025-05-14 22:00:00,long,1.119,1.11781,1.1170795,1.1247615,be_trail,2.784202909556942,53.470616878040836,-33.13201462372829,1036.2803229370884,False
2025-05-15 05:00:00,2025-05-15 09:15:00,short,1.11936,1.1196599999999999,1.1199804999999998,1.1163101999999998,be_trail,8.3503652130317,51.81401614685442,-25.051095639092342,1011.2292272979961,False
2025-05-15 10:30:00,2025-05-15 15:30:00,short,1.12117,1.1195,1.1200922142857141,1.1163399999999997,be_trail,4.691235065998462,50.561461364899806,75.56540917844941,1086.7946364764455,True
2025-05-15 18:00:00,2025-05-16 00:00:00,long,1.11872,1.11901,1.1175585357142857,1.1256855499999998,time,4.678553830039122,54.33973182382228,13.567806107119232,1100.3624425835646,False
2025-05-16 02:30:00,2025-05-16 03:00:00,short,1.1192,1.11926,1.119851475,1.117245575,be_trail,8.445162458909685,55.01812212917824,-5.067097475341503,1095.295345108223,False
2025-05-16 04:30:00,2025-05-16 04:45:00,short,1.1199,1.12073,1.12081195,1.1171641499999996,be_trail,6.005237924820967,54.76476725541116,-49.843474776020535,1045.4518703322026,False
2025-05-16 05:00:00,2025-05-16 08:00:00,short,1.12037,1.12041,1.1209816428571429,1.1174029999999997,be_trail,8.546260764132281,52.27259351661013,-3.418504305637355,1042.0333660265653,False
2025-05-16 08:30:00,2025-05-16 08:45:00,short,1.12073,1.12146,1.1216983,1.1178251,be_trail,5.380736166614323,52.10166830132827,-39.279374016279036,1002.7539920102863,False
2025-05-16 09:45:00,2025-05-16 14:00:00,short,1.12152,1.12006,1.1206755,1.1181666,be_trail,5.936968573180129,50.13769960051432,83.02553701163924,1085.7795290219256,True
2025-05-19 05:15:00,2025-05-19 10:15:00,long,1.11816,1.12163,1.1211547857142856,1.1225139000000002,tp,1.8127833384582328,54.28897645109628,62.042121305158,1147.8216503270835,True
2025-05-19 23:30:00,2025-05-20 04:00:00,short,1.12403,1.12286,1.1229447142857143,1.1214908000000003,be_trail,5.288108169204314,57.391082516354174,61.422887273362335,1209.2445376004457,True
2025-05-20 09:30:00,2025-05-20 10:00:00,short,1.12539,1.1258,1.12657565,1.1218330499999998,be_trail,5.099500432675777,60.462226880022286,-20.907951773971778,1188.336585826474,False
2025-05-20 11:15:00,2025-05-20 16:45:00,short,1.12639,1.12351,1.1243865714285712,1.1217842499999997,be_trail,2.9657573091787315,59.4168292913237,82.81411238304491,1271.1506982095189,True
2025-05-20 17:45:00,2025-05-20 20:30:00,short,1.12578,1.1267099999999999,1.1268589285714286,1.1204739000000001,be_trail,5.890800984751279,63.557534910475944,-54.784449158179555,1216.3662490513393,False
2025-05-20 21:45:00,2025-05-20 23:45:00,short,1.12744,1.12834,1.12860955,1.12393135,be_trail,5.200146419782725,60.81831245256697,-46.80131777803937,1169.5649312732999,False
2025-05-21 22:15:00,2025-05-21 22:45:00,long,1.13378,1.13294,1.1321861,1.1385617000000001,be_trail,3.6688780076330785,58.478246563664996,-30.818575264116095,1138.7463560091837,False
2025-05-21 23:30:00,2025-05-22 01:15:00,long,1.13285,1.13221,1.1318972142857144,1.1374557499999995,be_trail,5.975878620635942,56.93731780045919,-38.24562317206847,1100.5007328371153,False
2025-05-22 02:15:00,2025-05-22 03:30:00,long,1.13198,1.13355,1.133002785714286,1.1345778499999997,be_trail,5.379918381072805,55.02503664185576,81.52075038874777,1182.021483225863,True
2025-05-22 03:30:00,2025-05-22 04:15:00,short,1.13355,1.13294,1.1340585714285711,1.1304933000000006,be_trail,11.620997728352108,59.101074161293155,69.70938494478233,1251.7308681706454,True
2025-05-22 06:00:00,2025-05-22 09:00:00,short,1.13389,1.13341,1.1341297857142856,1.1295085000000005,be_trail,26.101030912129612,62.58654340853227,119.01510788126161,1370.745976051907,True
2025-05-22 11:00:00,2025-05-22 11:45:00,long,1.13214,1.13125,1.13025975,1.1377807499999997,be_trail,3.6451162772290067,68.53729880259536,-32.44153486733216,1338.304441184575,False
2025-05-22 12:45:00,2025-05-22 15:30:00,long,1.13029,1.13105,1.129629357142857,1.13699335,be_trail,10.128804290507745,66.91522205922875,75.97254355300441,1414.2769847375794,True
2025-05-23 02:30:00,2025-05-23 03:15:00,short,1.1284,1.12873,1.1288695,1.1268992500000001,be_trail,15.061522734162715,70.71384923687897,-49.70302502272814,1364.5739597148513,False
2025-05-23 21:00:00,2025-05-26 01:00:00,short,1.13607,1.13689,1.137119357142857,1.13171265,be_trail,6.501952023690664,68.22869798574257,-53.316006594266234,1311.2579531205852,False
2025-05-26 02:45:00,2025-05-26 03:15:00,short,1.13735,1.1378,1.1385644,1.1337068000000006,be_trail,5.398789332677702,65.56289765602926,-24.29455199704099,1286.9634011235441,False
2025-05-27 02:00:00,2025-05-27 03:00:00,short,1.13904,1.13895,1.1394377857142857,1.13763585,be_trail,16.176591502724133,64.34817005617721,14.55893235247526,1301.5223334760194,False
2025-05-27 17:00:00,2025-05-27 23:00:00,short,1.13584,1.13316,1.1338596428571428,1.1315585499999998,time,3.286079832040419,65.07611667380097,85.76785721619547,1387.2901906922148,True
2025-05-28 05:30:00,2025-05-28 05:45:00,long,1.1323699999999999,1.1311499999999999,1.130950325,1.1366290249999997,be_trail,4.885942876687483,69.36450953461075,-59.60850309558723,1327.6816875966276,False
2025-05-30 10:45:00,2025-05-30 11:45:00,long,1.13381,1.13416,1.13243,1.1379499999999998,be_trail,4.8104408970894506,66.38408437983138,16.836543139816563,1344.5182307364441,False
2025-05-30 12:15:00,2025-05-30 16:15:00,long,1.13309,1.13433,1.1337472857142858,1.1382857,be_trail,10.227806580256711,67.22591153682221,120.86491258935908,1465.3831433258033,True
2025-05-30 17:15:00,2025-05-30 23:15:00,long,1.13313,1.13525,1.1345578571428572,1.1397850500000004,time,5.131406704992592,73.26915716629017,105.23415564789332,1570.6172989736965,True
2025-06-02 05:00:00,2025-06-02 08:15:00,short,1.13702,1.13703,1.1371866428571427,1.1332733,be_trail,47.12525114797936,78.53086494868484,-4.712525114828809,1565.9047738588677,False
2025-06-02 22:15:00,2025-06-03 02:00:00,short,1.1437599999999999,1.14458,1.144882142857143,1.13998225,be_trail,6.977296891795023,78.29523869294339,-57.21383451272218,1508.6909393461456,False
2025-06-03 04:45:00,2025-06-03 05:00:00,long,1.14354,1.1428,1.14261655,1.1463103499999998,be_trail,8.168774375148892,75.43454696730728,-60.44893037609877,1448.2420089700468,False
2025-06-03 10:15:00,2025-06-03 14:15:00,short,1.14266,1.1394499999999999,1.1404437142857142,1.1389236500000004,tp,3.2672728061073935,72.41210044850234,101.63272141329746,1549.8747303833443,True
2025-06-04 05:00:00,2025-06-04 09:30:00,short,1.13858,1.13736,1.1376187857142857,1.1355647,be_trail,8.062066666183805,77.49373651916721,96.27086564661482,1646.145596029959,True
2025-06-04 12:15:00,2025-06-04 15:15:00,short,1.13923,1.13816,1.1390295714285714,1.1353384,be_trail,41.06564209626224,82.30727980149796,403.69286136711986,2049.838457397079,True
2025-06-04 23:15:00,2025-06-05 02:30:00,long,1.14156,1.14268,1.1420826785714284,1.1439956999999998,be_trail,19.60897738542005,102.49192286985395,207.90768433202123,2257.7461417291,True
2025-06-05 02:45:00,2025-06-05 03:15:00,short,1.14207,1.14269,1.14276,1.1399999999999997,be_trail,16.360479287890147,112.88730708645501,-101.43497158492954,2156.311170144171,False
2025-06-05 04:30:00,2025-06-05 10:00:00,short,1.14249,1.14094,1.1418209999999998,1.1395747500000002,be_trail,16.11592802797725,107.81555850720855,235.59875184099485,2391.9099219851655,True
2025-06-05 10:45:00,2025-06-05 13:00:00,short,1.14185,1.14194,1.1426022857142857,1.1383896500000004,be_trail,15.897616268417769,119.59549609925828,-14.307854641563827,2377.602067343602,False
2025-06-05 14:00:00,2025-06-05 15:15:00,short,1.14242,1.14252,1.1434960714285713,1.1390251999999996,be_trail,11.047603366350032,118.8801033671801,-11.047603366348815,2366.554463977253,False
2025-06-05 16:00:00,2025-06-05 16:15:00,short,1.14297,1.1461299999999999,1.14502275,1.13681175,be_trail,5.7643513919795355,118.32772319886266,-182.1535039865435,2184.4009599907095,False
2025-06-06 01:00:00,2025-06-06 02:45:00,short,1.14445,1.1451099999999999,1.145411975,1.1415640749999998,be_trail,11.35373039835014,109.22004799953548,-74.93462062909762,2109.466339361612,False
2025-06-06 03:30:00,2025-06-06 05:15:00,short,1.1452499999999999,1.14385,1.1445291428571427,1.14345255,tp,14.63165316639945,105.47331696808061,194.90616159342085,2304.3725009550326,True
2025-06-06 09:00:00,2025-06-06 09:15:00,long,1.14365,1.14339,1.14300945,1.14557165,be_trail,17.98745219698048,115.21862504775163,-46.767375712176054,2257.6051252428565,False
2025-06-06 09:45:00,2025-06-06 10:00:00,long,1.1434,1.14356,1.1425996,1.1458011999999997,be_trail,14.102980542497956,112.88025626214284,22.564768867987983,2280.1698941108443,False
2025-06-06 10:45:00,2025-06-06 11:45:00,long,1.14295,1.14245,1.14192995,1.1460101499999997,be_trail,11.176755522332144,114.00849470554222,-55.883777611654565,2224.2861164991896,False
2025-06-06 12:45:00,2025-06-06 15:00:00,long,1.14207,1.1418,1.1415375,1.1455027500000001,be_trail,20.885315647886586,111.21430582495948,-56.39035224929221,2167.895764249897,False
2025-06-09 02:45:00,2025-06-09 04:00:00,short,1.14047,1.1394799999999998,1.1403407857142855,1.1384900000000004,be_trail,83.8876194014264,108.39478821249486,758.2781676881614,2926.1739319380586,True
2025-06-09 10:15:00,2025-06-09 11:30:00,short,1.14221,1.14288,1.14303915,1.1397225500000001,be_trail,17.64562462725835,146.30869659690293,-118.22568500262184,2807.9482469354366,False
2025-06-09 12:00:00,2025-06-09 16:00:00,short,1.14285,1.14011,1.1411729285714285,1.1392827,tp,8.371582149387978,140.39741234677183,220.48295703858204,3028.4312039740184,True
2025-06-09 19:15:00,2025-06-09 21:15:00,short,1.14161,1.14244,1.14285085,1.1378874499999998,be_trail,12.20305115031569,151.42156019870092,-101.28532454760636,2927.145879426412,False
2025-06-10 00:00:00,2025-06-10 03:00:00,long,1.14235,1.14265,1.1426827142857143,1.1443579,be_trail,43.98888182906989,146.35729397132062,131.96664548719514,3059.1125249136076,False
2025-06-10 09:30:00,2025-06-10 10:00:00,short,1.14073,1.13951,1.1396412142857142,1.1372420500000002,be_trail,14.04827637236299,152.95562624568038,169.54563719311355,3228.658162106721,True
2025-06-10 10:30:00,2025-06-10 16:00:00,long,1.1392099999999998,1.14322,1.1425192857142858,1.1443399999999995,tp,4.878179826191453,161.43290810533608,192.19680073778622,3420.8549628445076,True
2025-06-10 23:00:00,2025-06-11 02:00:00,short,1.1426,1.14295,1.1434094999999997,1.13924,be_trail,21.12943151850424,171.04274814222538,-73.95301031473323,3346.9019525297745,False
2025-06-11 02:30:00,2025-06-11 02:45:00,short,1.14313,1.1438899999999999,1.143906825,1.140799525,be_trail,21.542187445884572,167.34509762648872,-163.72062458869516,3183.1813279410794,False
2025-06-11 05:45:00,2025-06-11 09:00:00,long,1.14175,1.14223,1.1414908571428573,1.1452551999999996,be_trail,61.417500814755314,159.15906639705398,281.23951015946824,3464.420838100548,True
2025-06-11 10:30:00,2025-06-11 12:30:00,long,1.14132,1.1441,1.1423764285714284,1.14443535,tp,16.396853189117753,173.2210419050274,427.5713709822296,3891.9922090827777,True
2025-06-12 10:30:00,2025-06-12 10:45:00,long,1.15144,1.15089,1.1509671428571429,1.15523845,be_trail,41.15399616854719,194.59961045413888,-226.3469789270303,3665.6452301557474,False
2025-06-13 14:45:00,2025-06-13 18:30:00,long,1.15085,1.15637,1.1541135714285713,1.1568461000000003,tp,5.616002760142422,183.28226150778738,297.3312432746527,3962.9764734304,True
2025-06-16 01:30:00,2025-06-16 06:15:00,long,1.1533799999999998,1.15293,1.1524726071428573,1.1576286749999993,be_trail,21.837159297847908,198.14882367152,-98.26721684028053,3864.7092565901194,False
2025-06-16 15:45:00,2025-06-16 17:00:00,long,1.15743,1.16015,1.1590002857142856,1.1612836500000001,tp,12.305751817745724,193.235462829506,320.5683507813721,4185.277607371491,True
2025-06-16 17:45:00,2025-06-17 00:00:00,short,1.15956,1.1568800000000001,1.1569986785714284,1.15417455,be_trail,8.170153032502418,209.26388036857458,217.9904791808006,4403.268086552292,True
2025-06-17 11:00:00,2025-06-17 14:45:00,long,1.1558599999999999,1.15659,1.1559181428571428,1.1597239999999998,be_trail,378.6594177622325,220.1634043276146,2509.8087151310365,6913.076801683328,True
2025-06-17 14:45:00,2025-06-17 15:30:00,short,1.15659,1.1569,1.1577020500000001,1.1532538499999996,be_trail,31.08258082677238,345.6538400841664,-96.35600056300447,6816.720801120324,False
2025-06-17 18:45:00,2025-06-17 19:45:00,long,1.15333,1.15208,1.151288,1.1599678,be_trail,16.691285017435685,340.8360400560162,-208.64106271794162,6608.079738402383,False
2025-06-18 08:15:00,2025-06-18 09:00:00,short,1.15016,1.15051,1.15085805,1.14806585,be_trail,47.33242417020507,330.40398692011917,-165.66348459564696,6442.416253806736,False
2025-06-18 09:00:00,2025-06-18 09:15:00,short,1.15045,1.15088,1.15120785,1.1481764499999998,be_trail,42.50456062417515,322.12081269033683,-182.76961068392356,6259.646643122812,False
2025-06-18 14:15:00,2025-06-18 16:15:00,long,1.15001,1.15054,1.1498125714285714,1.1537221999999998,be_trail,158.52940123683018,312.9823321561406,787.4834771151791,7047.130120237991,True
2025-06-18 19:00:00,2025-06-18 21:00:00,short,1.15206,1.14991,1.1512913571428571,1.1460328499999999,be_trail,45.84138169469356,352.35650601189957,922.2663863935501,7969.396506631541,True
2025-06-19 15:00:00,2025-06-19 20:30:00,short,1.14811,1.14634,1.1472369285714286,1.1443702,be_trail,45.64000290143368,398.4698253315771,766.8922287530165,8736.288735384558,True
2025-06-20 13:30:00,2025-06-20 17:45:00,short,1.15261,1.15004,1.151826,1.1493118,be_trail,55.716127138939534,436.81443676922794,1332.3954644005746,10068.684199785133,True
2025-06-20 20:45:00,2025-06-23 00:00:00,short,1.15344,1.14591,1.149234357142857,1.14905505,tp,11.970446067102372,503.4342099892567,861.5805509664574,10930.26475075159,True
2025-06-23 00:00:00,2025-06-23 02:30:00,long,1.14591,1.14985,1.147925642857143,1.15059855,tp,27.113594831587776,546.5132375375796,1016.0993964818739,11946.364147233464,True
2025-06-23 09:15:00,2025-06-23 12:00:00,short,1.15075,1.14825,1.1488621428571428,1.1464299999999996,tp,31.64001098397117,597.3182073616732,771.6320678755035,12717.996215108968,True
2025-06-24 12:00:00,2025-06-24 16:00:00,long,1.15932,1.16008,1.1593693571428572,1.1653023000000002,be_trail,1288.3643054350637,635.8998107554485,8876.00183025247,21593.998045361437,True
2025-06-24 17:00:00,2025-06-24 17:15:00,long,1.15927,1.16071,1.1610969999999998,1.1638861,be_trail,59.09687478205744,1079.6999022680718,850.9949968615597,22444.993042222995,False
2025-06-24 18:00:00,2025-06-25 00:00:00,short,1.16168,1.16165,1.1618944285714286,1.1552905999999998,time,523.3675925903068,1122.2496521111498,157.01027777695853,22602.003319999953,False
2025-06-25 00:15:00,2025-06-25 06:15:00,long,1.16126,1.16195,1.1617672142857143,1.1637233,time,222.8052714265445,1130.1001659999977,1496.6307521590004,24098.63407215895,True
2025-06-25 13:00:00,2025-06-25 15:15:00,long,1.16015,1.16016,1.1596464285714283,1.1642279000000002,be_trail,239.27721773761277,1204.9317036079476,23.927721773918034,24122.56179393287,False
2025-06-25 16:15:00,2025-06-25 19:00:00,long,1.1598,1.16197,1.1613451428571429,1.1632638,tp,78.0593253316957,1206.1280896966434,1645.1114326976854,25767.673226630555,True
2025-06-26 09:30:00,2025-06-26 11:00:00,long,1.16784,1.17104,1.171148642857143,1.1714832000000002,be_trail,38.939943564778254,1288.383661331528,1246.0781940729398,27013.751420703495,False
2025-06-26 15:30:00,2025-06-26 18:00:00,long,1.17093,1.17085,1.169583357142857,1.1761498499999998,be_trail,100.30035535188856,1350.6875710351749,-80.24028428159109,26933.511136421905,False
2025-06-27 05:30:00,2025-06-27 09:15:00,short,1.16986,1.16898,1.1699276428571428,1.1662754500000003,be_trail,1990.8614356373678,1346.6755568210954,15902.29012592992,42835.80126235182,True
2025-06-27 10:30:00,2025-06-27 11:15:00,short,1.17124,1.17222,1.17268,1.1669200000000004,be_trail,148.73542104984452,2141.790063117591,-1457.607126288448,41378.19413606337,False
2025-06-27 16:30:00,2025-06-27 22:30:00,short,1.1724,1.1707299999999998,1.1712492857142855,1.166328,time,179.7935189027775,2068.909706803169,2909.1875597895196,44287.38169585289,True
2025-06-30 02:30:00,2025-06-30 04:30:00,short,1.17329,1.1728399999999999,1.1730235714285715,1.1703195499999999,be_trail,831.1304875901259,2214.3690847926446,3587.515383219734,47874.89707907262,True
2025-06-30 07:15:00,2025-06-30 08:45:00,long,1.17158,1.17327,1.1724295714285713,1.1750024,be_trail,281.75910505598426,2393.7448539536313,4524.930473296806,52399.82755236943,True
2025-06-30 08:45:00,2025-06-30 09:30:00,short,1.17327,1.1729699999999998,1.1740112857142857,1.1701339499999999,be_trail,353.43880599981657,2619.9913776184717,1060.3164180001177,53460.14397036955,False
2025-06-30 10:15:00,2025-06-30 16:15:00,short,1.17383,1.17183,1.1726997142857143,1.1694071000000001,time,236.48951453021468,2673.0071985184777,4524.111981395717,57984.25595176527,True
2025-06-30 16:15:00,2025-06-30 17:45:00,long,1.17183,1.17472,1.1730637857142856,1.1749936499999996,be_trail,234.98511646058608,2899.2127975882636,6401.884158898795,64386.14011066406,True
2025-07-01 09:30:00,2025-07-01 10:00:00,long,1.17827,1.17795,1.17734195,1.1810541499999998,be_trail,346.889392331593,3219.307005533203,-1110.0460554606673,63276.09405520339,False
2025-07-01 10:15:00,2025-07-01 16:15:00,long,1.17848,1.18011,1.1799209285714285,1.1837299999999997,time,219.56707400309247,3163.8047027601697,3537.4294459014236,66813.52350110482,True
2025-07-01 22:30:00,2025-07-01 23:00:00,short,1.17841,1.17917,1.1794335,1.1753394999999998,be_trail,326.3972813927724,3340.6761750552414,-2480.619338585377,64332.904162519444,False
2025-07-02 04:15:00,2025-07-02 04:45:00,short,1.18067,1.18096,1.1804202142857143,1.1786345,be_trail,1287.7618791463608,3216.645208125972,-3734.5094495231774,60598.39471299627,False
2025-07-02 05:30:00,2025-07-02 08:00:00,long,1.17988,1.17963,1.1791110714285715,1.1825434000000004,be_trail,394.0443687793809,3029.9197356498134,-985.1109219487812,59613.283791047485,False
2025-07-02 09:15:00,2025-07-02 09:30:00,long,1.17922,1.17863,1.1784414499999998,1.1815556500000004,be_trail,382.84813943250646,2980.6641895523744,-2258.8040226512844,57354.4797683962,False
2025-07-03 05:45:00,2025-07-03 06:30:00,long,1.17993,1.17949,1.17919515,1.1821345499999998,be_trail,390.24617111247073,2867.72398841981,-1717.0831528948554,55637.39661550135,False
2025-07-03 10:15:00,2025-07-03 10:30:00,short,1.17982,1.18081,1.1806825,1.1772325000000001,be_trail,322.53563255363537,2781.8698307750674,-3193.1027622804236,52444.29385322092,False
2025-07-03 11:00:00,2025-07-03 15:30:00,short,1.18014,1.17891,1.1756559285714285,1.1772006000000004,be_trail,58.47843270187266,2622.2146926610462,719.2847222330714,53163.578575454,False
2025-07-03 15:30:00,2025-07-03 15:45:00,long,1.17891,1.1735,1.17714245,1.1842126499999994,be_trail,150.38776435025548,2658.1789287727,-8135.978051348693,45027.600524105306,False
2025-07-04 11:45:00,2025-07-04 14:45:00,long,1.17759,1.17737,1.1769375000000002,1.1809399499999997,be_trail,345.03908447604937,2251.3800262052655,-759.0859858469186,44268.51453825839,False
2025-07-07 03:30:00,2025-07-07 09:30:00,short,1.17828,1.1762,1.1763999285714284,1.17585,time,117.73093794604289,2213.4257269129193,2425.2657310413015,46693.78026929969,True
2025-07-07 18:00:00,2025-07-07 19:45:00,short,1.1739,1.17102,1.1715045,1.17023955,tp,97.46144911145856,2334.689013464985,2759.6696623154994,49453.44993161519,True
2025-07-08 09:15:00,2025-07-08 10:00:00,long,1.174,1.1742,1.1742404999999998,1.17654955,be_trail,1028.1382522171057,2472.67249658076,2056.276504433985,51509.726436049175,False
2025-07-09 04:30:00,2025-07-09 05:30:00,long,1.17219,1.17195,1.1714775750000002,1.1743272749999998,be_trail,361.5098181286171,2575.486321802459,-867.623563508746,50642.10287254043,False
2025-07-09 10:15:00,2025-07-09 14:45:00,short,1.1722,1.17054,1.1705751428571427,1.1693209749999998,be_trail,155.83555482142137,2532.105143627022,2581.39370339473,53223.49657593516,True
2025-07-09 15:15:00,2025-07-09 21:00:00,long,1.1702299999999999,1.17097,1.1706507142857143,1.17407675,be_trail,632.5373107494208,2661.1748287967584,4478.815972471872,57702.31254840703,True
2025-07-09 23:00:00,2025-07-10 00:45:00,short,1.17191,1.1723000000000001,1.172526357142857,1.1693569999999995,be_trail,468.09153765086626,2885.1156274203518,-1825.556996838905,55876.75555156813,False
2025-07-10 07:45:00,2025-07-10 09:30:00,long,1.17359,1.174,1.1732757857142857,1.1753391499999997,be_trail,889.1504634259421,2793.8377775784065,3560.3489877997386,59437.10453936787,True
2025-07-10 10:00:00,2025-07-10 14:00:00,long,1.17335,1.17285,1.1725841,1.1756476999999999,be_trail,388.0213117859313,2971.8552269683937,-1940.1065589294428,57496.99798043843,False
2025-07-11 11:00:00,2025-07-11 13:00:00,short,1.1689,1.16957,1.1696864999999999,1.1654396500000004,be_trail,365.5244626856514,2874.8498990219214,-2449.0138999936758,55047.98408044475,False
2025-07-11 13:15:00,2025-07-11 15:30:00,short,1.16943,1.1689699999999998,1.1699892142857142,1.1659385999999998,be_trail,492.19043117017617,2752.399204022238,2264.0759833834354,57312.06006382819,False
2025-07-11 19:00:00,2025-07-11 23:45:00,short,1.16964,1.1687699999999999,1.1691218571428572,1.1649859500000002,be_trail,553.052688788036,2865.6030031914097,4616.962853530202,61929.022917358394,True
2025-07-11 23:45:00,2025-07-14 00:00:00,long,1.1687699999999999,1.16704,1.1679,1.1713799999999996,be_trail,355.9139248124347,3096.45114586792,-6157.310899254363,55771.71201810403,False
2025-07-14 01:15:00,2025-07-14 05:15:00,long,1.16713,1.1689,1.1682046428571429,1.1711941000000001,be_trail,259.4895208552497,2788.5856009052018,4412.526627314763,60184.238645418794,True
2025-07-14 09:45:00,2025-07-14 13:00:00,long,1.16648,1.16913,1.1681454999999998,1.1695332499999997,tp,180.67919137022906,3009.21193227094,4610.119907407124,64794.35855282592,True
2025-07-15 02:45:00,2025-07-15 03:00:00,long,1.1664999999999999,1.16655,1.1665938571428571,1.1678489499999998,be_trail,3451.754260800853,3239.7179276412962,1725.8771304040686,66520.23568322998,False
2025-07-15 04:00:00,2025-07-15 06:00:00,short,1.1672500000000001,1.16754,1.1677232142857144,1.16541805,be_trail,702.8553204266643,3326.0117841614992,-2038.2804292366338,64481.95525399335,False
2025-07-15 07:30:00,2025-07-15 08:15:00,short,1.1676199999999999,1.16815,1.1682525,1.1657224999999998,be_trail,509.7387767113811,3224.097762699668,-2701.615516571041,61780.339737422306,False
2025-07-15 09:30:00,2025-07-15 10:15:00,short,1.16817,1.1676,1.1684164999999997,1.1660700000000002,be_trail,1253.1509074537191,3089.0169868711155,6737.565853924234,68517.90559134654,True
2025-07-15 15:45:00,2025-07-15 16:30:00,long,1.1670399999999999,1.1667399999999999,1.1657267,1.1709798999999994,be_trail,260.8615913780337,3425.895279567327,-782.584774134015,67735.32081721253,False
2025-07-16 02:15:00,2025-07-16 02:30:00,short,1.16039,1.1605699999999999,1.160786175,1.1592014750000004,be_trail,854.8661679463842,3386.7660408606266,-1538.759102302183,66196.56171491035,False
2025-07-16 04:00:00,2025-07-16 04:15:00,short,1.16079,1.16125,1.16141,1.1589299999999998,be_trail,533.8432396363179,3309.8280857455175,-2455.6789023265546,63740.8828125838,False
2025-07-16 05:15:00,2025-07-16 07:45:00,short,1.16113,1.16146,1.161796425,1.1591307250000003,be_trail,478.2299794619945,3187.04414062919,-1578.158932224302,62162.723880359496,False
2025-07-16 10:15:00,2025-07-16 11:45:00,short,1.16246,1.16248,1.162591857142857,1.1603313499999999,be_trail,2357.199713775362,3108.136194017975,-471.43994275292687,61691.28393760657,False
2025-07-16 13:45:00,2025-07-16 14:45:00,long,1.16169,1.16106,1.1608090999999998,1.1643327,be_trail,350.16054000227854,3084.5641968803284,-2206.011402014034,59485.272535592536,False
2025-07-16 15:45:00,2025-07-16 16:00:00,long,1.1611099999999999,1.15987,1.15944,1.1661199999999994,be_trail,178.0996183700548,2974.263626779627,-2208.4352677885154,57276.83726780402,False
2025-07-17 04:45:00,2025-07-17 08:45:00,long,1.1622999999999999,1.16232,1.1617423214285714,1.1651199999999997,be_trail,513.5291205567263,2863.841863390201,102.7058241120181,57379.543091916035,False
2025-07-17 19:00:00,2025-07-17 22:15:00,short,1.15966,1.15926,1.1597125000000001,1.15511635,be_trail,5464.718389682045,2868.977154595802,19959.883918312775,77339.42701022881,True
2025-07-21 01:15:00,2025-07-21 03:00:00,short,1.16308,1.16304,1.1635330357142855,1.160742625,be_trail,853.5687647958681,3866.971350511441,341.4275059167934,77680.85451614561,False
2025-07-21 04:15:00,2025-07-21 05:00:00,long,1.1625299999999998,1.16174,1.1615277749999997,1.1655366750000002,be_trail,387.5419916492565,3884.042725807281,-3061.5817340285307,74619.27278211708,False
2025-07-21 05:15:00,2025-07-21 11:15:00,long,1.16218,1.16392,1.1634012857142857,1.1650504,time,305.49474176794047,3730.9636391058543,5157.144019996739,79776.41680211382,True
2025-07-21 12:00:00,2025-07-21 14:00:00,short,1.16425,1.16462,1.1651412142857143,1.1609690499999998,be_trail,447.5714655885336,3988.820840105691,-1656.0144226774914,78120.40237943633,False
2025-07-22 03:30:00,2025-07-22 04:30:00,long,1.16895,1.16867,1.16837,1.17069,be_trail,673.4517446502842,3906.020118971817,-1885.664885019691,76234.73749441664,False
2025-07-22 05:00:00,2025-07-22 08:45:00,long,1.16889,1.16868,1.168428214285714,1.17126705,be_trail,825.4341260026315,3811.736874720832,-1733.411664605885,74501.32582981075,False
2025-07-22 16:30:00,2025-07-22 18:00:00,long,1.16893,1.17224,1.1709766428571429,1.1729872000000001,tp,182.00861369094986,3725.066291490538,5794.543231002326,80295.86906081309,True
2025-07-23 03:30:00,2025-07-23 04:30:00,long,1.17436,1.17393,1.17368925,1.1771500000000004,be_trail,598.5528815565167,4014.7934530406546,-2573.7773906939346,77722.09167011915,False
2025-07-23 05:00:00,2025-07-23 07:15:00,long,1.17378,1.1737,1.1732287142857143,1.1772231,be_trail,704.9166127115765,3886.1045835059576,-563.9332901698251,77158.15837994932,False
2025-07-23 10:30:00,2025-07-23 16:30:00,short,1.17445,1.1723,1.1731319285714286,1.1712001000000003,time,292.69338788253606,3857.9079189974664,6049.407847427074,83207.5662273764,True
2025-07-23 18:30:00,2025-07-23 18:45:00,short,1.17338,1.17257,1.17494055,1.16869835,be_trail,266.5969248898681,4160.3783113688205,2159.435091608463,85367.00131898487,False
2025-07-24 02:45:00,2025-07-24 04:00:00,short,1.1776200000000001,1.1767699999999999,1.1772094642857143,1.1759019000000002,be_trail,1039.7024954027104,4268.350065949244,8380.5590964279,93747.56041541276,True
2025-07-24 10:15:00,2025-07-24 12:00:00,long,1.1769399999999999,1.17582,1.1755200000000001,1.1811999999999991,be_trail,330.09704371629914,4687.378020770639,-3697.08688962185,90050.47352579092,False
2025-07-25 04:00:00,2025-07-25 08:45:00,short,1.17546,1.17455,1.1748738571428572,1.1730726000000002,be_trail,768.1614851092418,4502.5236762895465,6741.494930673413,96791.96845646434,True
2025-07-25 10:00:00,2025-07-25 10:15:00,short,1.17481,1.17563,1.17594,1.1714199999999997,be_trail,428.28304626751276,4839.598422823217,-3511.9209793937885,93280.04747707055,False
2025-07-25 10:30:00,2025-07-25 14:15:00,short,1.17526,1.1722599999999999,1.172844357142857,1.1717030499999999,tp,193.07499699561788,4664.002373853527,5679.425156267233,98959.47263333778,True
2025-07-25 21:45:00,2025-07-28 00:00:00,short,1.17392,1.17576,1.1748126428571428,1.1711565500000003,be_trail,554.3060802060108,4947.97363166689,-10199.231875789723,88760.24075754805,False
2025-07-28 05:30:00,2025-07-28 08:00:00,long,1.1751399999999999,1.17474,1.1744735000000002,1.178512375,be_trail,665.8682727501163,4438.012037877403,-2663.4730910001717,86096.76766654788,False
2025-07-28 08:00:00,2025-07-28 09:00:00,long,1.1747999999999998,1.17407,1.17398235,1.1772529499999995,be_trail,526.4891314533066,4304.838383327394,-3843.370659608598,82253.39700693928,False
2025-08-01 00:00:00,2025-08-01 02:15:00,long,1.1417,1.14182,1.1411899642857142,1.14496025,be_trail,806.349385965299,4112.669850346964,967.6192631593265,83221.01627009861,False
2025-08-01 04:00:00,2025-08-01 06:00:00,short,1.1424400000000001,1.14119,1.1422679285714286,1.1393850250000002,be_trail,2418.211348651869,4161.05081350493,27620.98275368827,110841.99902378688,True
2025-08-01 06:00:00,2025-08-01 10:15:00,long,1.14119,1.14249,1.1422445714285712,1.1449125500000001,be_trail,525.5310167750259,5542.099951189344,6702.922891387111,117544.92191517398,True
2025-08-04 16:00:00,2025-08-04 22:00:00,short,1.15754,1.1566,1.1581517142857143,1.1521028000000002,time,960.7828741315246,5877.246095758699,8715.947724728057,126260.86963990204,True
2025-08-06 05:30:00,2025-08-06 08:30:00,long,1.157,1.15779,1.1575292142857143,1.1591424500000003,be_trail,1192.9087427173904,6313.043481995102,9112.88550892089,135373.75514882294,True
2025-08-06 10:45:00,2025-08-06 11:30:00,long,1.15774,1.15731,1.1571495714285713,1.1603102500000002,be_trail,1146.4024752499652,6768.687757441147,-4929.530643574053,130444.22450524889,False
2025-08-08 12:45:00,2025-08-08 18:45:00,long,1.16383,1.16609,1.164832642857143,1.1674663,time,650.5019388306567,6522.211225262445,13883.430558342687,144327.65506359158,True
2025-08-12 05:00:00,2025-08-12 07:45:00,short,1.16193,1.1623299999999999,1.1626499,1.1597703,be_trail,1002.4146066369807,7216.38275317958,-4009.658426547481,140317.9966370441,False
2025-08-12 09:45:00,2025-08-12 12:15:00,long,1.16169,1.16141,1.1608427857142858,1.1644258500000002,be_trail,828.1139671693106,7015.899831852205,-2318.719108072711,137999.27752897138,False
2025-08-12 15:00:00,2025-08-12 15:30:00,long,1.16059,1.16055,1.163090142857143,1.1634431499999995,be_trail,275.9827846130974,6899.963876448569,-110.39311384534936,137888.88441512603,False
2025-08-13 03:00:00,2025-08-13 03:45:00,short,1.16777,1.16759,1.1679409285714284,1.1660139500000002,be_trail,4033.523572531307,6894.444220756302,7223.752609578852,145112.6370247049,True
2025-08-13 06:30:00,2025-08-13 09:00:00,short,1.1683,1.168,1.16873,1.1654468499999997,be_trail,1687.3562444727143,7255.6318512352445,5062.0687334175855,150174.70575812247,False
2025-08-13 22:00:00,2025-08-14 04:00:00,long,1.17011,1.17114,1.1708167857142857,1.17276305,time,1062.3779083444517,7508.735287906124,10599.116739144507,160773.82249726699,True
2025-08-14 04:30:00,2025-08-14 05:15:00,short,1.17134,1.17125,1.1712412857142858,1.1698599500000002,be_trail,8143.391877575062,8038.69112486335,7329.052689829406,168102.8751870964,False
2025-08-14 06:45:00,2025-08-14 08:30:00,long,1.1704299999999999,1.16997,1.1697836999999998,1.1723689000000002,be_trail,1300.5018968518527,8405.14375935482,-5982.308725517286,162120.56646157912,False
2025-08-15 05:00:00,2025-08-15 06:15:00,short,1.16529,1.1659599999999999,1.1660329,1.1630612999999996,be_trail,1091.133170423724,8106.028323078956,-7310.592241838389,154809.97421974072,False
2025-08-15 07:00:00,2025-08-15 08:45:00,short,1.16602,1.16637,1.1667905,1.1637085,be_trail,1004.6072304979836,7740.498710987036,-3516.12530674144,151293.84891299927,False
2025-08-15 18:15:00,2025-08-18 00:00:00,short,1.17047,1.17157,1.170902857142857,1.1649810499999995,be_trail,1747.6187168169006,7564.692445649964,-19223.80588498767,132070.0430280116,False
2025-08-18 01:15:00,2025-08-18 04:45:00,short,1.17108,1.16964,1.1704664999999999,1.1692049249999994,be_trail,1076.365468850872,6603.50215140058,14610.046691446252,146680.08971945784,True
2025-08-18 05:00:00,2025-08-18 09:15:00,long,1.1703999999999999,1.1702,1.1700606428571427,1.1728899999999995,be_trail,2161.146344003721,7334.004485972892,-4322.292688006966,142357.79703145087,False
2025-08-19 01:30:00,2025-08-19 04:15:00,short,1.16685,1.16581,1.1655589999999998,1.1651457,be_trail,551.3470063184895,7117.889851572544,5734.008865711905,148091.80589716276,False
2025-08-19 05:15:00,2025-08-19 08:45:00,long,1.16557,1.16637,1.1657514999999998,1.16852665,be_trail,4079.6640743057233,7404.590294858139,30114.040364483786,178205.84626164654,True
2025-08-19 16:30:00,2025-08-19 18:30:00,long,1.1674499999999999,1.16702,1.1663398571428572,1.1708861999999998,be_trail,802.6257391787883,8910.292313082327,-3451.2906784682314,174754.5555831783,False
2025-08-19 19:45:00,2025-08-19 21:30:00,long,1.166,1.16503,1.1647982499999998,1.1696052500000003,be_trail,727.0836512717368,8737.727779158915,-7052.711417335232,167701.84416584307,False
2025-08-20 10:45:00,2025-08-20 13:00:00,short,1.16403,1.16458,1.16511905,1.1607628499999998,be_trail,769.9455679988869,8385.092208292153,-4234.700623994267,163467.1435418488,False
2025-08-20 13:45:00,2025-08-20 15:15:00,short,1.16476,1.1651799999999999,1.1654995714285714,1.1614342,be_trail,1105.1477736072954,8173.357177092441,-4641.620649149148,158825.52289269966,False
2025-08-20 21:15:00,2025-08-21 00:15:00,short,1.16628,1.16583,1.1659839285714284,1.1627885999999998,be_trail,2682.2163094049315,7941.276144634983,11657.103667554955,170482.6265602546,True
2025-08-21 04:45:00,2025-08-21 09:00:00,long,1.16488,1.16496,1.1643094285714284,1.1671299999999993,be_trail,1493.9639282944008,8524.13132801273,1195.171142636716,171677.79770289132,False
2025-08-21 10:15:00,2025-08-21 14:30:00,long,1.16366,1.165,1.1646219285714285,1.1671099999999999,be_trail,892.3625038391397,8583.889885144567,11620.280784815437,183298.07848770675,True
2025-08-21 15:45:00,2025-08-21 16:45:00,long,1.16442,1.16275,1.1634312142857144,1.1676974999999998,be_trail,926.884742768234,9164.903924385339,-15478.975204230066,167819.1032834767,False
2025-08-22 02:15:00,2025-08-22 02:45:00,short,1.16103,1.16142,1.161521625,1.159555125,be_trail,1706.77959098376,8390.955164173834,-6656.440404834794,161162.6628786419,False
2025-08-22 05:15:00,2025-08-22 06:15:00,long,1.16107,1.16059,1.1603547,1.1632159,be_trail,1126.5389548346686,8058.133143932095,-5407.386983206815,155755.27589543507,False
2025-08-22 12:15:00,2025-08-22 14:30:00,short,1.15989,1.15978,1.160528,1.1569402500000001,be_trail,1220.6526324095257,7787.763794771754,1342.7178956511436,157097.99379108622,False
2025-08-22 16:30:00,2025-08-22 17:00:00,short,1.161,1.16025,1.1613745,1.1579191500000001,be_trail,2097.436499213746,7854.899689554311,14943.186338648755,172041.18012973497,True
2025-08-25 11:15:00,2025-08-25 12:45:00,long,1.17038,1.16959,1.16930475,1.17360575,be_trail,800.0054876993231,8602.059006486748,-6320.0433528252,165721.13677690979,False
2025-08-26 10:30:00,2025-08-26 16:00:00,long,1.16193,1.16463,1.1641637142857142,1.1670299999999993,be_trail,370.9541946272608,8286.05683884549,9842.792613327476,175563.92939023726,True
2025-08-26 21:45:00,2025-08-26 23:00:00,long,1.16404,1.16405,1.1636819285714286,1.1669034999999999,be_trail,2451.521056716327,8778.196469511864,245.15210567323876,175809.0814959105,False
2025-08-27 03:15:00,2025-08-27 03:45:00,long,1.1641599999999999,1.16373,1.1636148999999998,1.1657953,be_trail,1612.6314574929918,8790.454074795525,-6934.3152672187425,168874.76622869176,False
2025-08-27 04:15:00,2025-08-27 04:30:00,long,1.16383,1.16358,1.1632469499999998,1.1655791500000003,be_trail,1448.2014083582121,8443.738311434588,-3620.5035208935237,165254.26270779825,False
2025-08-27 06:00:00,2025-08-27 06:45:00,long,1.1632099999999999,1.1627399999999999,1.1624521499999998,1.16548355,be_trail,1090.2834512620254,8262.713135389913,-5124.332220931197,160129.93048686706,False
2025-08-29 02:15:00,2025-08-29 03:15:00,long,1.16778,1.1679599999999999,1.1675772857142859,1.1692359,be_trail,3949.6459246255263,8006.4965243433535,7109.362664319902,167239.29315118695,False
2025-08-29 09:45:00,2025-08-29 10:00:00,short,1.16655,1.16679,1.16728255,1.1643523500000001,be_trail,1141.4872237471845,8361.964657559349,-2739.569336993448,164499.7238141935,False
2025-08-29 12:00:00,2025-08-29 16:45:00,short,1.16759,1.1667399999999999,1.1668941428571429,1.1635604,be_trail,1181.993498973053,8224.986190709677,9864.74888621501,174364.4727004085,True
2025-09-01 16:15:00,2025-09-01 18:00:00,long,1.17147,1.17109,1.17052,1.17432,be_trail,917.7077510547755,8718.223635020426,-3487.2894540085776,170877.18324639995,False
2025-09-01 19:30:00,2025-09-02 00:00:00,long,1.17034,1.17105,1.1709949642857143,1.17286195,be_trail,1304.4771064122742,8543.859162319997,9189.994626206297,180067.17787260623,True
2025-09-02 05:00:00,2025-09-02 05:15:00,long,1.17045,1.16954,1.16967145,1.1727856499999998,be_trail,1156.4265485365206,9003.358893630311,-10523.48159168195,169543.69628092428,False
2025-09-03 04:00:00,2025-09-03 04:15:00,long,1.16337,1.16308,1.1628157000000001,1.1650328999999997,be_trail,1529.3495966169578,8477.184814046215,-4435.113830191066,165108.58245073323,False
2025-09-03 07:15:00,2025-09-03 10:00:00,long,1.16281,1.16332,1.1631133571428571,1.16491105,be_trail,2721.35643314057,8255.429122536661,13316.56894036914,178425.15139110238,True
2025-09-03 10:00:00,2025-09-03 10:15:00,short,1.16332,1.16308,1.163010857142857,1.1610464499999997,be_trail,2885.8042045692164,8921.257569555119,6925.930090966638,185351.081482069,False
2025-09-03 10:45:00,2025-09-03 12:00:00,long,1.16236,1.16567,1.1638346428571429,1.1658583000000002,tp,628.4609205010945,9267.554074103451,19648.606229137524,204999.68771120653,True
2025-09-03 18:00:00,2025-09-03 18:15:00,short,1.16637,1.16781,1.1682583,1.1607050999999997,be_trail,542.8154628798377,10249.984385560327,-7816.542665470249,197183.14504573628,False
2025-09-03 18:45:00,2025-09-04 00:45:00,short,1.16745,1.1661599999999999,1.166914357142857,1.1617781999999999,time,1840.6214366178408,9859.157252286815,22355.53060436571,219538.675650102,True
2025-09-04 04:00:00,2025-09-04 05:15:00,long,1.16595,1.16545,1.165375575,1.1676732749999998,be_trail,1910.9429050800995,10976.9337825051,-9554.714525399446,209983.96112470256,False
2025-09-04 06:30:00,2025-09-04 09:30:00,long,1.1655,1.16582,1.1651990714285714,1.16788395,be_trail,3488.933605204736,10499.19805623513,11098.04858861623,221082.00971331878,True
2025-09-04 18:15:00,2025-09-05 00:15:00,long,1.16366,1.16488,1.164439142857143,1.1692076000000002,time,1418.7514374704535,11054.10048566594,16683.30083199216,237765.31054531093,True
2025-09-05 11:45:00,2025-09-05 12:00:00,short,1.16777,1.16841,1.1687107,1.1649478999999996,be_trail,1263.7679948191703,11888.265527265547,-8088.115166842361,229677.19537846858,False
2025-09-05 12:45:00,2025-09-05 13:15:00,short,1.1685,1.16892,1.1694234500000003,1.1657296499999996,be_trail,1243.582193829818,11483.85976892343,-5223.045214083556,224454.150164385,False
2025-09-08 08:45:00,2025-09-08 09:00:00,short,1.17158,1.17161,1.1722044500000002,1.1697066499999997,be_trail,1797.2147502950245,11222.707508219251,-539.1644250880489,223914.98573929697,False
2025-09-08 09:30:00,2025-09-08 09:45:00,short,1.1717,1.17184,1.1725211,1.1692367,be_trail,1363.5061852350004,11195.749286964849,-1908.908659329396,222006.07707996757,False
2025-09-08 11:30:00,2025-09-08 15:45:00,short,1.17291,1.1735499999999999,1.1736700714285713,1.1691909,be_trail,1460.4290382105862,11100.303853998379,-9346.745844547371,212659.3312354202,False
2025-09-08 17:15:00,2025-09-08 21:15:00,short,1.17456,1.17482,1.1751125,1.1707684500000002,be_trail,1924.5188347098392,10632.96656177101,-5003.748970244176,207655.58226517602,False
2025-09-09 07:15:00,2025-09-09 09:15:00,long,1.17678,1.17742,1.177139,1.17874995,be_trail,2892.139028762912,10382.779113258803,17696.998716999573,225352.5809821756,True
2025-09-09 09:15:00,2025-09-09 10:45:00,short,1.17742,1.17546,1.1766311428571428,1.1752844499999997,tp,1428.3484850373247,11267.62904910878,26322.830180968795,251675.4111631444,True
2025-09-09 11:30:00,2025-09-09 14:00:00,long,1.17567,1.17542,1.1751794285714285,1.1797134,be_trail,2565.1250409754357,12583.77055815722,-6412.812602440731,245262.59856070366,False
2025-09-09 19:15:00,2025-09-09 20:45:00,long,1.1725999999999999,1.17149,1.1708796,1.1777611999999997,be_trail,712.8069011878343,12263.129928035183,-7912.156603184565,237350.4419575191,False
2025-09-10 10:30:00,2025-09-10 11:15:00,long,1.1704599999999998,1.17019,1.16922145,1.1741756499999993,be_trail,958.1786845809619,11867.522097875955,-2587.0824483663973,234763.3595091527,False
2025-09-10 12:00:00,2025-09-10 15:00:00,long,1.1700599999999999,1.17048,1.1695119285714286,1.1747037,be_trail,2141.722294493074,11738.167975457636,8995.233636872774,243758.5931460255,False
2025-09-10 23:00:00,2025-09-11 03:15:00,long,1.1700899999999999,1.17004,1.1699065,1.1724739499999999,be_trail,6641.923518969179,12187.929657301276,-3320.9617594768497,240437.63138654863,False
2025-09-11 04:15:00,2025-09-11 08:45:00,long,1.16971,1.16959,1.1693626428571429,1.1713453000000003,be_trail,3460.957062935929,12021.881569327432,-4153.148475527269,236284.48291102136,False
2025-09-11 09:30:00,2025-09-11 12:30:00,long,1.16943,1.16878,1.16839,1.1725499999999998,be_trail,1135.9830909184486,11814.224145551068,-7383.890090970364,228900.592820051,False
2025-09-12 04:00:00,2025-09-12 04:15:00,long,1.17337,1.17269,1.1727996,1.1750812,be_trail,2006.4918725461316,11445.029641002551,-13644.144733313975,215256.44808673704,False
2025-09-12 05:15:00,2025-09-12 06:00:00,long,1.1729,1.17269,1.1722928000000001,1.1747215999999998,be_trail,1772.533334047808,10762.822404336854,-3722.3200015011676,211534.1280852359,False
2025-09-12 07:30:00,2025-09-12 09:00:00,long,1.17245,1.17313,1.17265725,1.1740145749999997,be_trail,5103.356527988675,10576.706404261795,32290.212591717514,243824.3406769534,True
2025-09-12 09:15:00,2025-09-12 09:45:00,short,1.17279,1.17322,1.17342825,1.1708752500000001,be_trail,1910.100592847411,12191.217033847672,-8213.432549242538,235610.90812771086,False
2025-09-12 10:45:00,2025-09-12 13:30:00,short,1.17384,1.17307,1.1731906428571428,1.1710938,be_trail,1814.1858507247414,11780.545406385543,13750.36248615999,249361.27061387085,True
2025-09-12 16:00:00,2025-09-12 22:00:00,long,1.17131,1.17414,1.1730958571428571,1.1747772499999998,time,698.1557052624494,12468.063530693544,19028.83216610324,268390.1027799741,True
2025-09-12 22:15:00,2025-09-15 04:15:00,short,1.1738,1.17262,1.1729288214285714,1.1713574,time,1540.385126437715,13419.505138998706,17700.840556667834,286090.94333664194,True
2025-09-15 07:45:00,2025-09-15 09:15:00,short,1.17322,1.17272,1.1725897142857142,1.17173305,be_trail,2269.53377533608,14304.547166832097,11347.66887667915,297438.6122133211,False
2025-09-15 10:00:00,2025-09-15 12:15:00,long,1.17258,1.174,1.173362357142857,1.1746293,tp,1900.9132525274279,14871.930610666055,25780.864428366738,323219.4766416878,True
2025-09-16 04:00:00,2025-09-16 06:15:00,long,1.17628,1.17756,1.1768475714285715,1.1778699999999998,tp,2847.3903051740576,16160.97383208439,34418.03369881225,357637.51034050004,True
2025-09-17 08:30:00,2025-09-17 09:00:00,short,1.18567,1.18594,1.1859800714285715,1.1842072,be_trail,5767.01813495196,17881.875517025004,-15570.948964369858,342066.5613761302,False
2025-09-17 11:30:00,2025-09-17 13:00:00,long,1.18458,1.18458,1.183729357142857,1.18727445,be_trail,2010.6355946199321,17103.32806880651,0.0,342066.5613761302,False
2025-09-17 17:45:00,2025-09-17 21:00:00,short,1.18505,1.18549,1.1857115714285715,1.181876,be_trail,2585.2579676444725,17103.32806880651,-11375.135057635574,330691.42631849466,False
2025-09-18 15:00:00,2025-09-18 15:30:00,long,1.18261,1.1819600000000001,1.18123805,1.18672585,be_trail,1205.1876027497071,16534.571315924735,-7833.719417870896,322857.70690062374,False
2025-09-19 05:30:00,2025-09-19 07:15:00,long,1.1776,1.1787,1.1779152142857143,1.1802358000000002,be_trail,5121.241668488356,16142.885345031187,52314.58105254249,375172.28795316623,True
2025-09-19 23:30:00,2025-09-22 01:45:00,long,1.17449,1.17401,1.1739220357142857,1.17628745,be_trail,3302.780627141747,18758.61439765831,-15853.347010281574,359318.94094288466,False
2025-09-22 02:45:00,2025-09-22 03:00:00,long,1.17404,1.17364,1.173416125,1.1759116250000001,be_trail,2879.7350506339812,17965.947047144233,-11518.940202534657,347800.00074035,False
2025-09-22 03:30:00,2025-09-22 03:45:00,long,1.17381,1.17331,1.17318785,1.1756764500000003,be_trail,2795.1458710945485,17390.0000370175,-13975.729355471203,333824.2713848788,False
2025-09-22 04:00:00,2025-09-22 05:30:00,long,1.17353,1.17289,1.1727821071428572,1.1762299999999997,be_trail,2231.7653404274743,16691.21356924394,-14283.298178735253,319540.97320614354,False
2025-09-22 05:45:00,2025-09-22 10:15:00,long,1.17325,1.174,1.1743098571428572,1.1758323249999993,be_trail,1507.4719048677164,15977.048660307177,11306.039286508301,330847.0124926518,False
2025-09-22 10:15:00,2025-09-22 10:30:00,short,1.174,1.1754799999999999,1.1749406999999998,1.1711779000000002,be_trail,1758.515002087196,16542.350624632592,-26026.0220308892,304820.99046176265,False
2025-09-22 20:00:00,2025-09-22 21:00:00,short,1.17882,1.17973,1.17995505,1.17541485,be_trail,1342.7645939022757,15241.049523088133,-12219.157804510258,292601.8326572524,False
2025-09-23 09:45:00,2025-09-23 10:00:00,long,1.17984,1.17948,1.1790177499999999,1.1823067500000004,be_trail,1779.2753582073835,14630.091632862619,-6405.391289545085,286196.4413677073,False
2025-09-23 12:45:00,2025-09-23 16:00:00,short,1.18032,1.1797499999999999,1.1803364285714284,1.17604545,be_trail,87103.26476519601,14309.822068385365,448270.73045243643,734467.1718201437,True
2025-09-23 21:30:00,2025-09-24 03:00:00,short,1.18128,1.18161,1.1815285,1.1777748,be_trail,14778.01150544299,36723.358591007185,-48767.437967953214,685699.7338521904,False
2025-09-25 04:15:00,2025-09-25 05:30:00,short,1.17452,1.17481,1.175013964285714,1.1729312750000005,be_trail,6940.782498688311,34284.98669260952,-20128.269246189262,665571.4646060012,False
2025-09-25 06:15:00,2025-09-25 09:15:00,short,1.17488,1.17431,1.1749251428571428,1.1729204000000002,be_trail,73718.35842155475,33278.57323030006,381503.036025579,1047074.5006315801,True
2025-09-25 09:30:00,2025-09-25 10:30:00,long,1.1747699999999999,1.17427,1.17409955,1.1767813499999995,be_trail,7808.744131790369,52353.72503157901,-39043.720658947546,1008030.7799726325,False
2025-09-25 11:15:00,2025-09-25 14:30:00,long,1.17395,1.17421,1.1738296428571429,1.17702395,be_trail,41876.64961309142,50401.53899863163,103031.51399446954,1111062.2939671022,True
2025-09-26 12:00:00,2025-09-26 14:45:00,short,1.16806,1.16702,1.1675647857142857,1.1649929500000002,be_trail,11217.995179240785,55553.114698355115,110555.74634754458,1221618.0403146467,True
2025-09-26 14:45:00,2025-09-26 17:30:00,long,1.16702,1.16891,1.1683940714285717,1.1700387500000002,tp,4445.249405936879,61080.90201573234,81721.78259655743,1303339.822911204,True
2025-09-26 17:30:00,2025-09-26 17:45:00,short,1.16891,1.17036,1.1705165499999999,1.16409035,be_trail,4056.3313401737164,65166.991145560205,-58816.80443252592,1244523.018478678,False
2025-09-26 18:00:00,2025-09-29 00:00:00,short,1.16913,1.1707400000000001,1.1708426428571428,1.163955,time,3633.3407554536016,62226.15092393391,-58496.78616280703,1186026.232315871,False
2025-09-29 14:45:00,2025-09-29 15:30:00,long,1.17161,1.17215,1.1720199285714286,1.1747322500000001,be_trail,14466.254793887698,59301.31161579355,76236.1294598716,1262262.3617757426,True
2025-09-30 04:15:00,2025-09-30 04:45:00,long,1.17248,1.1721,1.1718773999999998,1.1742878000000003,be_trail,10473.467986852736,63113.11808878713,-39799.17835004532,1222463.1834256973,False
2025-09-30 05:15:00,2025-09-30 09:30:00,long,1.1719899999999999,1.17384,1.1734255,1.17438085,tp,4257.969987549892,61123.15917128487,77007.51620983914,1299470.6996355364,True
2025-09-30 12:15:00,2025-09-30 16:45:00,short,1.17493,1.1732399999999998,1.1736470714285714,1.1715559000000004,be_trail,5064.470183980985,64973.53498177682,83527.94499653718,1382998.6446320736,True
2025-09-30 16:45:00,2025-09-30 17:00:00,long,1.1732399999999998,1.17306,1.1728432857142856,1.1771799,be_trail,17430.663508150406,69149.93223160369,-31375.194314644054,1351623.4503174296,False
2025-10-01 02:30:00,2025-10-01 04:30:00,short,1.17398,1.17387,1.174017607142857,1.1722135999999999,be_trail,179703.02283517853,67581.17251587148,184664.10985850205,1536287.5601759315,True
2025-10-01 05:00:00,2025-10-01 07:15:00,short,1.17393,1.1742299999999999,1.1743725357142858,1.1715822749999996,be_trail,17357.78052009948,76814.37800879659,-52073.341560292705,1484214.2186156388,False
2025-10-01 19:30:00,2025-10-02 01:30:00,long,1.17235,1.1734,1.172835,1.17846685,time,15301.177511499265,74210.71093078195,152017.19857674564,1636231.4171923844,True
2025-10-02 05:30:00,2025-10-02 08:00:00,short,1.17389,1.1735099999999998,1.173775357142857,1.1716750999999999,be_trail,71362.11788367778,81811.57085961923,252239.60024831272,1888471.0174406972,True
2025-10-02 09:30:00,2025-10-02 10:00:00,short,1.17394,1.17436,1.17466335,1.1717699499999996,be_trail,13053.64634990238,94423.55087203486,-54825.31466960134,1833645.7027710958,False
2025-10-02 16:30:00,2025-10-02 16:45:00,long,1.17415,1.1726,1.1728493500000001,1.1780519499999997,be_trail,7048.958992700697,91682.2851385548,-109258.8643868566,1724386.8383842392,False
2025-10-03 05:15:00,2025-10-03 09:00:00,short,1.17245,1.17178,1.1724693571428573,1.1702868499999997,be_trail,445413.57448725693,86219.34191921196,2694465.788349874,4418852.626734113,True
2025-10-03 12:15:00,2025-10-03 16:45:00,short,1.17344,1.1743999999999999,1.17446465,1.1703660500000002,be_trail,21562.741554356533,220942.63133670567,-207002.31892179034,4211850.307812323,False
2025-10-06 01:00:00,2025-10-06 01:15:00,long,1.17273,1.17181,1.1718491,1.1753727000000003,be_trail,23906.517810262074,210592.51539061614,-219939.96385441872,3991910.3439579043,False
2025-10-07 02:30:00,2025-10-07 03:30:00,long,1.17099,1.17096,1.170451225,1.1726063249999996,be_trail,37046.172743341755,199595.5171978952,-11113.851822993076,3980796.492134911,False
2025-10-07 05:15:00,2025-10-07 07:45:00,long,1.17037,1.16991,1.1698127857142857,1.1726504499999995,be_trail,35720.51717080956,199039.82460674556,-164314.37898569,3816482.113149221,False
2025-10-08 14:15:00,2025-10-08 16:15:00,short,1.16318,1.16376,1.1641077142857141,1.1593849999999999,be_trail,20569.275324955233,190824.10565746107,-119301.79688469981,3697180.3162645213,False
2025-10-09 04:45:00,2025-10-09 05:45:00,short,1.16404,1.1646699999999999,1.16475185,1.1619044499999998,be_trail,25968.81587598624,184859.01581322608,-163603.54001868953,3533576.776245832,False
2025-10-10 04:45:00,2025-10-10 06:30:00,short,1.15669,1.15723,1.1574122,1.1545234,be_trail,24463.97657328858,176678.83881229162,-132105.47349575465,3401471.302750077,False
2025-10-10 12:00:00,2025-10-10 15:15:00,short,1.15789,1.15726,1.1573642857142856,1.1539811500000003,be_trail,32350.94989027518,170073.56513750387,200437.24239164864,3601908.545141726,True
2025-10-10 15:15:00,2025-10-10 18:00:00,long,1.15726,1.15786,1.158653857142857,1.1612499999999994,be_trail,12920.651745409765,180095.4272570863,77523.91047245005,3679432.4556141756,False
2025-10-13 01:45:00,2025-10-13 07:45:00,long,1.16039,1.16202,1.1614330714285712,1.1644299499999997,time,17637.490371365642,183971.6227807088,277139.14602600806,3956571.6016401835,True
2025-10-13 10:30:00,2025-10-13 10:45:00,long,1.1613,1.1604,1.1600188999999999,1.1651433000000004,be_trail,15442.087275153122,197828.5800820092,-138978.7854763628,3817592.8161638207,False
2025-10-15 16:30:00,2025-10-15 20:30:00,long,1.1621,1.1633,1.1628462142857143,1.16564315,be_trail,25579.73553473912,190879.64080819103,295349.1078560223,4112941.924019843,True
2025-10-16 00:15:00,2025-10-16 01:45:00,short,1.16442,1.16506,1.1651255249999999,1.1623034250000004,be_trail,29148.094851497677,205647.09620099215,-186547.80704957753,3926394.1169702653,False
2025-10-16 10:45:00,2025-10-16 14:15:00,long,1.1655499999999999,1.16513,1.1647351428571429,1.1689999999999992,be_trail,24092.530521385404,196319.7058485133,-101188.62818978616,3825205.488780479,False
2025-10-16 14:45:00,2025-10-16 18:45:00,long,1.16525,1.16679,1.1662352857142857,1.1682894500000003,be_trail,19411.656097912888,191260.27443902395,288171.5809609919,4113377.0697414707,True
2025-10-20 04:30:00,2025-10-20 05:15:00,short,1.16621,1.16686,1.1669143750000002,1.1640968749999994,be_trail,29198.772456009196,205668.85348707356,-189792.0209640713,3923585.0487773996,False
2025-10-20 05:45:00,2025-10-20 07:45:00,short,1.16676,1.1671799999999999,1.1673986428571428,1.1645054249999998,be_trail,30718.147121625792,196179.25243887,-129016.21791078683,3794568.830866613,False
2025-10-20 09:00:00,2025-10-20 10:00:00,short,1.16737,1.1659199999999998,1.1668184285714285,1.1656277500000003,tp,34397.80084959975,189728.44154333067,467864.1452416635,4262432.976108276,True
2025-10-20 10:15:00,2025-10-20 13:00:00,long,1.16625,1.1662,1.1655377142857142,1.16889,be_trail,29920.80909822805,213121.64880541383,-14960.404549145595,4247472.571559131,False
2025-10-20 15:00:00,2025-10-20 19:30:00,long,1.1657199999999999,1.16519,1.165121642857143,1.1690799999999992,be_trail,35492.78739515803,212373.62857795658,-188111.77319430897,4059360.7983648223,False
2025-10-20 21:45:00,2025-10-21 03:00:00,long,1.1644299999999999,1.16442,1.1646977142857142,1.1667138999999997,be_trail,75815.16965993783,202968.03991824112,-7581.516965875108,4051779.2813989474,False
2025-10-21 04:15:00,2025-10-21 05:45:00,short,1.16503,1.1636799999999998,1.1643607857142857,1.16352235,tp,30272.659803385,202588.96406994737,388071.7130181727,4439850.99441712,True
2025-10-21 19:30:00,2025-10-22 01:30:00,short,1.16162,1.16021,1.160677857142857,1.1574869000000003,time,23562.51475429496,221992.549720856,321207.5672041169,4761058.561621237,True
2025-10-22 04:00:00,2025-10-22 05:00:00,short,1.16048,1.1605699999999999,1.16096415,1.1590275499999996,be_trail,49169.25086873885,238052.92808106184,-44252.325781827334,4716806.235839409,False
2025-10-22 06:00:00,2025-10-22 08:00:00,short,1.16087,1.1609699999999998,1.1612907857142856,1.1591174,be_trail,56047.604228302116,235840.31179197045,-56047.60422817149,4660758.631611237,False
2025-10-22 10:45:00,2025-10-22 11:00:00,long,1.1604999999999999,1.16008,1.1595880499999998,1.1632358500000002,be_trail,25553.805754760113,233037.93158056188,-107325.98416995796,4553432.647441279,False
2025-10-22 12:00:00,2025-10-22 13:15:00,long,1.15983,1.15917,1.15865585,1.1633524499999999,be_trail,19390.336189759986,227671.63237206396,-127976.2188523932,4425456.428588886,False
2025-10-22 23:15:00,2025-10-23 02:00:00,long,1.1611099999999999,1.16128,1.1608744642857143,1.1629195249999997,be_trail,93944.48824909577,221272.8214294443,159705.63002367466,4585162.058612561,False
2025-10-23 04:00:00,2025-10-23 04:15:00,long,1.1604999999999999,1.16016,1.160039425,1.1618817249999998,be_trail,49776.497406643095,229258.10293062805,-169240.09118247946,4415921.967430081,False
2025-10-23 09:15:00,2025-10-23 11:00:00,short,1.16002,1.16008,1.1602223214285714,1.158517525,be_trail,109131.34606186238,220796.09837150408,-65478.80763706175,4350443.159793019,False
2025-10-23 14:45:00,2025-10-23 17:00:00,long,1.1591799999999999,1.16071,1.1599842142857142,1.1614707999999998,tp,27047.7858766766,217522.15798965096,394200.2273208095,4744643.387113829,True
2025-10-24 10:15:00,2025-10-24 10:30:00,short,1.1609099999999999,1.16137,1.16175,1.1583899999999994,be_trail,28241.924923290757,237232.16935569147,-129912.85464717334,4614730.532466656,False
2025-10-24 11:15:00,2025-10-24 15:30:00,short,1.16129,1.1615499999999999,1.1620509285714284,1.1578262,be_trail,30323.020489316823,230736.5266233328,-78839.8532722016,4535890.679194454,False
2025-10-27 00:45:00,2025-10-27 04:00:00,short,1.16324,1.16357,1.1639556785714285,1.16071115,be_trail,31689.440345694595,226794.53395972273,-104575.1531407736,4431315.52605368,False
2025-10-27 04:45:00,2025-10-27 09:00:00,short,1.16404,1.16269,1.1629526428571428,1.1617716249999996,be_trail,20376.54120894452,221565.776302684,269731.5533189374,4701047.079372617,True
2025-10-27 12:00:00,2025-10-27 12:15:00,short,1.16283,1.16303,1.16372125,1.16015625,be_trail,26373.335648653938,235052.3539686309,-52746.67129730207,4648300.408075315,False
2025-10-27 22:30:00,2025-10-28 01:45:00,short,1.16443,1.16489,1.1651407,1.1622979000000002,be_trail,32702.268243109767,232415.02040376575,-150430.43391827383,4497869.974157041,False
2025-10-28 03:00:00,2025-10-28 03:15:00,short,1.16512,1.16541,1.16556,1.1638,be_trail,51112.15879723958,224893.49870785206,-148225.2605120579,4349644.713644983,False
2025-10-28 04:30:00,2025-10-28 06:45:00,short,1.16561,1.16584,1.1663682142857141,1.1630600000000006,be_trail,28683.479034877448,217482.2356822492,-65972.00178020449,4283672.711864779,False
2025-10-28 11:30:00,2025-10-28 11:45:00,long,1.1658899999999999,1.16588,1.16505395,1.1683981499999998,be_trail,25618.51989632735,214183.63559323896,-2561.851989592634,4281110.859875186,False
2025-10-28 23:15:00,2025-10-29 02:45:00,long,1.16568,1.16511,1.16525075,1.1680536000000004,be_trail,49867.33674868621,214055.54299375933,-284243.8194674912,3996867.0404076953,False
2025-10-29 03:45:00,2025-10-29 06:30:00,short,1.16562,1.16434,1.1647154285714287,1.163958825,tp,22092.600507624615,199843.35202038477,274491.0930499078,4271358.133457603,True
2025-10-29 18:15:00,2025-10-29 18:30:00,short,1.16456,1.16492,1.1657031,1.1611307000000002,be_trail,18683.22164927732,213567.90667288017,-67259.59793738264,4204098.53552022,False
2025-10-30 04:30:00,2025-10-30 05:00:00,short,1.16093,1.16144,1.1616131,1.1588806999999999,be_trail,30772.204183281567,210204.926776011,-156938.2413347392,4047160.294185481,False
2025-10-30 05:30:00,2025-10-30 07:00:00,short,1.16157,1.16161,1.1621117142857145,1.15934475,be_trail,37355.118749061556,202358.01470927405,-14942.047499639566,4032218.2466858416,False
