entry_time,exit_time,side,entry_price,exit_price,sl,tp,result,size_lots,pnl_usd,scaled_out,lots_ns,risk_usd_ns,pnl_usd_noscale,equity_ns,lots_ws,risk_usd_ws,pnl_usd_withscale,equity,rr_final
2025-06-12 09:15:00,2025-06-12 10:45:00,short,1.15194,1.15095,1.1524342142857142,1.1480399999999997,be_trail,0.76,74.37500000000341,True,0.2,9.884285714285568,19.800000000000928,1019.800000000001,0.2,9.884285714285568,19.800000000000928,1019.800000000001,2.0031796502385975
2025-06-13 14:45:00,2025-06-13 18:30:00,long,1.15085,1.15637,1.1541135714285713,1.1568088571428574,tp,0.5,271.6714999999985,True,0.03,9.790714285714095,16.559999999999906,1036.3600000000008,0.03,9.790714285714095,16.559999999999906,1036.3600000000008,1.6913985554826234
2025-06-13 22:00:00,2025-06-16 00:00:00,long,1.15418,1.15329,1.1534317142857142,1.1585239999999997,be_trail,0.71,-61.531000000004,False,0.13,9.727714285714839,-11.570000000000746,1024.79,0.13,9.727714285714839,-11.570000000000746,1024.79,-1.1893852615502192
2025-06-16 01:00:00,2025-06-16 06:15:00,long,1.1534499999999999,1.15293,1.1524726071428573,1.1575179999999996,be_trail,0.75,-37.82899999998901,False,0.1,9.773928571426005,-5.199999999998539,1019.5900000000014,0.1,9.773928571426005,-5.199999999998539,1019.5900000000014,-0.532027624511263
2025-06-16 06:30:00,2025-06-16 09:15:00,long,1.15322,1.15526,1.1544071428571427,1.1568405714285714,be_trail,0.84,169.58075000000346,True,0.08,9.497142857142649,16.320000000000334,1035.9100000000017,0.08,9.497142857142649,16.320000000000334,1035.9100000000017,1.7184115523466432
2025-06-16 09:30:00,2025-06-16 09:45:00,short,1.15428,1.15604,1.1556594285714286,1.1501417142857142,be_trail,0.75,-131.99999999999878,False,0.07,9.65600000000011,-12.319999999999888,1023.5900000000017,0.07,9.65600000000011,-12.319999999999888,1023.5900000000017,-1.2758906379452928
2025-06-16 15:45:00,2025-06-16 17:00:00,long,1.15743,1.16015,1.1590002857142856,1.1612597142857142,tp,0.8,215.34650000000454,True,0.06,9.42171428571381,16.320000000000334,1039.9100000000021,0.06,9.42171428571381,16.320000000000334,1039.9100000000021,1.7321688500729029
2025-06-16 17:45:00,2025-06-17 00:00:00,short,1.15956,1.1568800000000001,1.1569986785714284,1.154208,be_trail,0.58,153.67824999998822,True,0.04,10.24528571428629,10.719999999999175,1050.6300000000012,0.04,10.24528571428629,10.719999999999175,1050.6300000000012,1.0463348996749726
2025-06-17 08:00:00,2025-06-17 09:30:00,short,1.15612,1.15658,1.1570344285714285,1.153233142857143,be_trail,1.1,-49.83699999998947,False,0.11,10.0587142857127,-5.059999999998954,1045.5700000000022,0.11,10.0587142857127,-5.059999999998954,1045.5700000000022,-0.5030463990001316
2025-06-17 11:00:00,2025-06-17 14:45:00,long,1.1558599999999999,1.15659,1.1559181428571428,1.1596999999999997,be_trail,0.82,59.20600000000986,True,1.79,10.407571428578288,130.67000000002136,1176.2400000000237,1.79,10.407571428578288,130.67000000002136,1176.2400000000237,12.555282555276333
2025-06-17 14:45:00,2025-06-17 15:30:00,short,1.15659,1.1569,1.157695142857143,1.1532745714285713,be_trail,0.96,-29.039500000002995,False,0.1,11.051428571429156,-3.1000000000003247,1173.1400000000233,0.1,11.051428571429156,-3.1000000000003247,1173.1400000000233,-0.2805067218200766
2025-06-17 15:30:00,2025-06-17 16:15:00,short,1.15684,1.156,1.1567245,1.1529657142857146,be_trail,0.82,68.73850000001424,True,1.01,11.665500000015872,84.84000000001757,1257.980000000041,1.01,11.665500000015872,84.84000000001757,1257.980000000041,7.272727272718884
2025-06-17 16:15:00,2025-06-17 17:15:00,long,1.156,1.15524,1.154512,1.1604639999999997,be_trail,0.71,-52.998999999990914,False,0.08,11.90399999999947,-6.079999999998975,1251.900000000042,0.08,11.90399999999947,-6.079999999998975,1251.900000000042,-0.5107526881719796
2025-06-18 07:00:00,2025-06-18 07:45:00,short,1.14999,1.15052,1.1508574285714286,1.1473877142857145,be_trail,1.22,-64.65999999999016,False,0.14,12.143999999999268,-7.419999999998873,1244.480000000043,0.14,12.143999999999268,-7.419999999998873,1244.480000000043,-0.6110013175230007
2025-06-18 08:15:00,2025-06-18 09:00:00,short,1.15016,1.15051,1.1508537142857145,1.1480788571428568,be_trail,1.52,-52.83849999997736,False,0.17,11.793142857144945,-5.949999999997458,1238.5300000000454,0.17,11.793142857144945,-5.949999999997458,1238.5300000000454,-0.5045304777591679
2025-06-18 14:45:00,2025-06-18 16:15:00,long,1.15,1.15054,1.1498125714285714,1.1537954285714285,be_trail,0.83,44.88249999999882,True,0.66,12.370285714281337,35.639999999999006,1274.1700000000444,0.66,12.370285714281337,35.639999999999006,1274.1700000000444,2.881097560976549
2025-06-18 21:00:00,2025-06-18 21:45:00,long,1.14991,1.14978,1.1491657857142858,1.155214,be_trail,0.59,-6.592499999997781,False,0.17,12.651642857140379,-2.2099999999993796,1271.960000000045,0.17,12.651642857140379,-2.2099999999993796,1271.960000000045,-0.17468087148477257
2025-06-19 20:15:00,2025-06-19 22:30:00,long,1.1464999999999999,1.14975,1.1485077142857143,1.1499902857142856,tp,0.9,289.5610000000177,True,0.06,12.046285714286673,19.50000000000118,1291.4600000000462,0.06,12.046285714286673,19.50000000000118,1291.4600000000462,1.6187562259854535
2025-06-20 13:30:00,2025-06-20 17:45:00,short,1.15261,1.15004,1.151826,1.1493322857142856,be_trail,0.99,252.34499999999605,True,0.16,12.543999999998334,41.11999999999938,1332.5800000000456,0.16,12.543999999998334,41.11999999999938,1332.5800000000456,3.2780612244901817
2025-06-20 18:00:00,2025-06-20 22:45:00,long,1.1514199999999999,1.1525,1.1522207857142857,1.15712,be_trail,0.58,61.80950000001117,True,0.16,12.812571428572284,17.28000000000307,1349.8600000000488,0.16,12.812571428572284,17.28000000000307,1349.8600000000488,1.3486754080814984
2025-06-23 00:00:00,2025-06-23 02:30:00,long,1.14591,1.14985,1.147925642857143,1.1505694285714287,tp,0.71,280.17175000000384,True,0.06,12.093857142857711,23.640000000000327,1373.500000000049,0.06,12.093857142857711,23.640000000000327,1373.500000000049,1.9547113646833045
2025-06-23 06:00:00,2025-06-23 08:15:00,short,1.14997,1.14963,1.1502457142857143,1.145567714285714,be_trail,0.78,26.79200000000059,True,0.49,13.510000000004574,16.66000000000034,1390.1600000000494,0.49,13.510000000004574,16.66000000000034,1390.1600000000494,1.2331606217612658
2025-06-24 06:45:00,2025-06-24 07:45:00,short,1.16026,1.16093,1.1614885714285714,1.156574285714286,be_trail,0.93,-62.309999999995206,False,0.11,13.514285714284924,-7.3699999999994334,1382.79000000005,0.11,13.514285714284924,-7.3699999999994334,1382.79000000005,-0.5453488372092923
2025-06-24 13:00:00,2025-06-24 17:00:00,short,1.16094,1.15927,1.1600601428571429,1.1555845714285713,be_trail,0.63,104.16450000000377,True,0.15,13.19785714285815,25.050000000000907,1407.8400000000508,0.15,13.19785714285815,25.050000000000907,1407.8400000000508,1.898035395356313
2025-06-24 17:00:00,2025-06-24 17:15:00,long,1.15927,1.16071,1.1610969999999998,1.1638574285714287,be_trail,0.75,107.57599999999147,False,0.07,12.788999999998607,10.079999999999202,1417.92000000005,0.07,12.788999999998607,10.079999999999202,1417.92000000005,0.7881773399015012
2025-06-24 18:00:00,2025-06-25 00:00:00,short,1.16168,1.16165,1.1618944285714286,1.155330285714286,time,0.54,2.4594999999987266,False,0.66,14.152285714281287,1.9799999999983167,1419.9000000000485,0.66,14.152285714281287,1.9799999999983167,1419.9000000000485,0.13990672884735986
2025-06-25 00:15:00,2025-06-25 06:15:00,long,1.16126,1.16195,1.1617672142857143,1.1637079999999997,time,1.42,97.2925000000111,True,0.27,13.694785714286619,18.630000000002145,1438.5300000000507,0.27,13.694785714286619,18.630000000002145,1438.5300000000507,1.3603717786227962
2025-06-25 11:45:00,2025-06-25 12:30:00,long,1.1607399999999999,1.15963,1.1593879999999999,1.164796,be_trail,0.86,-94.03399999999529,False,0.1,13.520000000000199,-11.099999999999444,1427.4300000000512,0.1,13.520000000000199,-11.099999999999444,1427.4300000000512,-0.82100591715971
2025-06-25 13:00:00,2025-06-25 15:15:00,long,1.16015,1.16016,1.1596464285714283,1.1642025714285713,be_trail,0.86,1.41200000000552,False,0.28,14.100000000007997,0.28000000000183434,1427.710000000053,0.28,14.100000000007997,0.28000000000183434,1427.710000000053,0.01985815602848763
2025-06-25 15:45:00,2025-06-25 19:00:00,long,1.15976,1.16197,1.1613451428571429,1.1631714285714287,tp,1.02,223.65300000000474,True,0.09,14.266285714286564,19.890000000000406,1447.6000000000533,0.09,14.266285714286564,19.890000000000406,1447.6000000000533,1.3941961067050646
2025-06-26 15:30:00,2025-06-26 18:00:00,long,1.17093,1.17085,1.169583357142857,1.1761174285714286,be_trail,0.68,-4.820000000005598,False,0.1,13.466428571429214,-0.8000000000008001,1446.8000000000525,0.1,13.466428571429214,-0.8000000000008001,1446.8000000000525,-0.05940699092988208
2025-06-26 20:15:00,2025-06-27 02:15:00,short,1.1726,1.1693,1.1697557857142857,1.1672274285714288,time,0.66,215.16450000000555,True,0.05,14.221071428571765,16.5000000000004,1463.300000000053,0.05,14.221071428571765,16.5000000000004,1463.300000000053,1.160250131846607
2025-06-27 05:30:00,2025-06-27 09:15:00,short,1.16986,1.16898,1.1699276428571428,1.166297714285714,be_trail,1.01,88.14099999999914,True,2.16,14.610857142864477,190.07999999999825,1653.3800000000513,2.16,14.610857142864477,190.07999999999825,1653.3800000000513,13.009503695875084
2025-06-27 11:30:00,2025-06-27 15:15:00,short,1.17148,1.17153,1.1721054285714285,1.1668,be_trail,0.77,-2.727249999990855,False,0.26,16.261142857139532,-1.2999999999969702,1652.0800000000543,0.26,16.261142857139532,-1.2999999999969702,1652.0800000000543,-0.07994518044752304
2025-06-27 16:30:00,2025-06-27 22:30:00,short,1.1724,1.1707299999999998,1.1712492857142855,1.1663657142857144,time,0.6,98.92350000001704,True,0.14,16.110000000003843,23.380000000003957,1675.4600000000582,0.14,16.110000000003843,23.380000000003957,1675.4600000000582,1.4512725015517303
2025-06-30 01:30:00,2025-06-30 01:45:00,short,1.17221,1.17286,1.1731562857142857,1.169371142857143,be_trail,1.29,-83.8500000000051,False,0.17,16.086857142856516,-11.050000000000672,1664.4100000000576,0.17,16.086857142856516,-11.050000000000672,1664.4100000000576,-0.686896135265769
2025-06-30 16:15:00,2025-06-30 17:45:00,long,1.17183,1.17472,1.1730637857142856,1.1749739999999997,be_trail,1.16,332.6760000000068,True,0.13,16.039214285713754,37.57000000000077,1701.9800000000585,0.13,16.039214285713754,37.57000000000077,1701.9800000000585,2.3423840676201104
2025-07-01 09:30:00,2025-07-01 10:00:00,long,1.17827,1.17795,1.1773477142857143,1.1810368571428569,be_trail,1.35,-42.5154999999835,False,0.18,16.60114285714176,-5.759999999997766,1696.2200000000607,0.18,16.60114285714176,-5.759999999997766,1696.2200000000607,-0.3469640644360718
2025-07-01 10:15:00,2025-07-01 16:15:00,long,1.17848,1.18011,1.1799209285714285,1.1837299999999997,time,0.71,114.28950000000148,True,0.11,15.85021428571376,17.930000000000224,1714.150000000061,0.11,15.85021428571376,17.930000000000224,1714.150000000061,1.131214990333666
2025-07-01 17:00:00,2025-07-01 17:15:00,long,1.18055,1.17919,1.1790425714285715,1.1850722857142855,be_trail,0.83,-112.8800000000023,False,0.11,16.58171428571342,-14.960000000000308,1699.1900000000608,0.11,16.58171428571342,-14.960000000000308,1699.1900000000608,-0.9021986353298608
2025-07-02 08:45:00,2025-07-02 09:00:00,long,1.17946,1.17877,1.1787731428571429,1.1815205714285713,be_trail,1.81,-124.8899999999742,False,0.24,16.484571428570405,-16.559999999996577,1682.6300000000642,0.24,16.484571428570405,-16.559999999996577,1682.6300000000642,-1.0045757071545969
2025-07-03 05:45:00,2025-07-03 06:30:00,long,1.17993,1.17949,1.1791997142857142,1.182120857142857,be_trail,1.68,-73.91999999999932,False,0.23,16.79657142857072,-10.119999999999909,1672.5100000000643,0.23,16.79657142857072,-10.119999999999909,1672.5100000000643,-0.6025039123630873
2025-07-03 10:15:00,2025-07-03 10:30:00,short,1.17982,1.18081,1.180677142857143,1.1772485714285714,be_trail,1.43,-141.56999999997487,False,0.19,16.285714285714903,-18.809999999996663,1653.7000000000676,0.19,16.285714285714903,-18.809999999996663,1653.7000000000676,-1.1549999999997513
2025-07-03 11:00:00,2025-07-03 15:30:00,short,1.18014,1.17891,1.1756559285714285,1.1772188571428572,be_trail,1.24,151.756000000008,False,0.03,13.452214285714302,3.690000000000193,1657.3900000000679,0.03,13.452214285714302,3.690000000000193,1657.3900000000679,0.27430428341591473
2025-07-03 15:30:00,2025-07-03 15:45:00,long,1.17891,1.1735,1.1771534285714285,1.1841797142857142,be_trail,0.69,-373.2899999999941,False,0.09,15.809142857142966,-48.68999999999923,1608.7000000000687,0.09,15.809142857142966,-48.68999999999923,1608.7000000000687,-3.079863370201622
2025-07-04 03:45:00,2025-07-04 05:30:00,short,1.17647,1.1768399999999999,1.1768784285714287,1.174481428571428,be_trail,1.79,-65.58374999999673,False,0.39,15.928714285721401,-14.429999999999279,1594.2700000000693,0.39,15.928714285721401,-14.429999999999279,1594.2700000000693,-0.905911157747014
2025-07-04 07:00:00,2025-07-04 07:15:00,short,1.1770100000000001,1.17736,1.177763142857143,1.1747505714285718,be_trail,1.57,-54.94999999997652,False,0.21,15.815999999998496,-7.349999999996859,1586.9200000000724,0.21,15.815999999998496,-7.349999999996859,1586.9200000000724,-0.4647192716235178
2025-07-04 11:15:00,2025-07-04 14:45:00,long,1.17756,1.17737,1.1769375000000002,1.1806937142857141,be_trail,1.12,-20.82249999999042,False,0.25,15.562499999993706,-4.7499999999978115,1582.1700000000747,0.25,15.562499999993706,-4.7499999999978115,1582.1700000000747,-0.30522088353411936
2025-07-04 16:15:00,2025-07-04 20:00:00,long,1.17693,1.17746,1.177313642857143,1.1792785714285716,be_trail,1.5,79.4649999999879,True,0.41,15.729357142857834,21.729999999996693,1603.9000000000713,0.41,15.729357142857834,21.729999999996693,1603.9000000000713,1.3814932042447488
2025-07-07 01:00:00,2025-07-07 03:00:00,short,1.1780599999999999,1.17811,1.1789369285714286,1.1754268571428568,be_trail,1.34,-6.470000000014187,False,0.18,15.784714285717259,-0.9000000000018992,1603.0000000000693,0.18,15.784714285717259,-0.9000000000018992,1603.0000000000693,-0.057017186609216036
2025-07-07 03:30:00,2025-07-07 09:30:00,short,1.17828,1.1762,1.1763999285714284,1.17585,time,1.46,301.7555000000118,True,0.08,15.040571428572846,16.640000000000654,1619.64000000007,0.08,15.040571428572846,16.640000000000654,1619.64000000007,1.1063409444929295
2025-07-07 18:15:00,2025-07-07 19:45:00,short,1.17386,1.17102,1.1715045,1.1702085714285715,tp,0.99,278.98999999999546,True,0.06,14.13299999999973,17.039999999999722,1636.6800000000696,0.06,14.13299999999973,17.039999999999722,1636.6800000000696,1.2056888134154142
2025-07-08 09:15:00,2025-07-08 10:00:00,long,1.174,1.1742,1.1742404999999998,1.1765337142857148,be_trail,1.46,29.188749999996986,False,0.68,16.353999999990876,13.599999999998504,1650.2800000000682,0.68,16.353999999990876,13.599999999998504,1650.2800000000682,0.831600831601204
2025-07-08 23:30:00,2025-07-09 05:30:00,short,1.17263,1.17201,1.1718516428571428,1.169972857142857,time,1.4,86.42400000000914,False,0.21,16.3455000000019,13.020000000001364,1663.3000000000695,0.21,16.3455000000019,13.020000000001364,1663.3000000000695,0.796549509039176
2025-07-09 13:00:00,2025-07-09 14:45:00,long,1.17143,1.17048,1.170076857142857,1.1754894285714288,be_trail,0.92,-86.32800000000063,False,0.12,16.2377142857153,-11.400000000000077,1651.9000000000694,0.12,16.2377142857153,-11.400000000000077,1651.9000000000694,-0.7020692567567177
2025-07-09 14:45:00,2025-07-09 15:00:00,long,1.17054,1.16913,1.1693651428571428,1.1740645714285713,be_trail,1.05,-148.0499999999907,False,0.14,16.448000000000018,-19.739999999998762,1632.1600000000706,0.14,16.448000000000018,-19.739999999998762,1632.1600000000706,-1.2001459143968103
2025-07-09 15:15:00,2025-07-09 21:00:00,long,1.1702299999999999,1.17097,1.1706507142857143,1.1740528571428572,be_trail,0.96,70.88300000001757,True,0.38,15.98714285714875,28.12000000000703,1660.2800000000775,0.38,15.98714285714875,28.12000000000703,1660.2800000000775,1.7589134125634585
2025-07-09 21:30:00,2025-07-09 23:45:00,short,1.1716199999999999,1.1718,1.1724490714285716,1.1689148571428567,be_trail,1.37,-23.953000000009443,False,0.2,16.581428571433857,-3.60000000000138,1656.6800000000762,0.2,16.581428571433857,-3.60000000000138,1656.6800000000762,-0.21711036443526863
2025-07-10 00:15:00,2025-07-10 02:15:00,short,1.17197,1.17239,1.1728482857142857,1.1693351428571428,be_trail,1.4,-58.800000000012176,False,0.18,15.809142857142966,-7.560000000001565,1649.1200000000747,0.18,15.809142857142966,-7.560000000001565,1649.1200000000747,-0.4782042940794711
2025-07-10 07:45:00,2025-07-10 09:30:00,long,1.17359,1.174,1.1732757857142857,1.1753282857142853,be_trail,2.11,86.3677500000044,True,0.52,16.33914285713889,21.320000000001116,1670.4400000000758,0.52,16.33914285713889,21.320000000001116,1670.4400000000758,1.3048420095480098
2025-07-10 11:00:00,2025-07-10 14:00:00,long,1.1733799999999999,1.17285,1.1725105714285713,1.1760542857142855,be_trail,1.38,-72.6247499999888,False,0.19,16.519142857142956,-10.069999999998469,1660.3700000000772,0.19,16.519142857142956,-10.069999999998469,1660.3700000000772,-0.6095957936246162
2025-07-11 13:30:00,2025-07-11 15:30:00,short,1.16937,1.1689699999999998,1.1699892142857142,1.166136857142857,be_trail,1.14,45.65600000002034,False,0.26,16.099571428569437,10.400000000004628,1670.7700000000818,0.26,16.099571428569437,10.400000000004628,1670.7700000000818,0.645979928481161
2025-07-11 19:00:00,2025-07-11 23:45:00,short,1.16964,1.1687699999999999,1.1691218571428572,1.165014857142857,be_trail,0.8,69.20500000001174,True,0.32,16.580571428569613,27.84000000000475,1698.6100000000865,0.32,16.580571428569613,27.84000000000475,1698.6100000000865,1.679073614557956
2025-07-11 23:45:00,2025-07-14 00:00:00,long,1.1687699999999999,1.16704,1.1679,1.1713799999999996,be_trail,1.42,-245.65999999996978,False,0.19,16.5299999999986,-32.869999999995954,1665.7400000000905,0.19,16.5299999999986,-32.869999999995954,1665.7400000000905,-1.9885057471263605
2025-07-14 02:15:00,2025-07-14 05:15:00,long,1.16698,1.1689,1.1682046428571429,1.1714679999999997,be_trail,0.81,154.48325000001174,True,0.13,15.920357142858556,24.96000000000187,1690.7000000000924,0.13,15.920357142858556,24.96000000000187,1690.7000000000924,1.5678040244969162
2025-07-14 11:15:00,2025-07-14 13:00:00,short,1.16835,1.16919,1.1695408571428572,1.1647774285714285,be_trail,1.03,-86.51999999999505,False,0.14,16.672000000000246,-11.759999999999328,1678.940000000093,0.14,16.672000000000246,-11.759999999999328,1678.940000000093,-0.7053742802302757
2025-07-14 14:45:00,2025-07-14 17:15:00,short,1.16919,1.16846,1.1688590714285714,1.1664951428571424,be_trail,1.36,98.853999999986,True,0.5,16.54642857142896,36.49999999999487,1715.4400000000878,0.5,16.54642857142896,36.49999999999487,1715.4400000000878,2.2059140945388136
2025-07-15 02:45:00,2025-07-15 03:00:00,long,1.1664999999999999,1.16655,1.1665938571428571,1.1678405714285718,be_trail,2.75,13.832250000028969,False,1.82,17.08200000002069,9.100000000019204,1724.540000000107,1.82,17.08200000002069,9.100000000019204,1724.540000000107,0.532724505327724
2025-07-15 04:15:00,2025-07-15 04:45:00,short,1.1669,1.1670399999999999,1.1675342857142859,1.1649971428571426,be_trail,1.94,-26.879999999962713,False,0.27,17.125714285716853,-3.779999999994788,1720.7600000001123,0.27,17.125714285716853,-3.779999999994788,1720.7600000001123,-0.22072072072038326
2025-07-15 06:15:00,2025-07-15 08:00:00,short,1.1674,1.16767,1.1682000000000001,1.1649999999999996,be_trail,1.53,-41.30999999999885,False,0.21,16.80000000000281,-5.669999999999842,1715.0900000001125,0.21,16.80000000000281,-5.669999999999842,1715.0900000001125,-0.3374999999999341
2025-07-15 09:30:00,2025-07-15 10:15:00,short,1.16817,1.1676,1.1684164999999997,1.1660700000000002,be_trail,1.75,99.52674999999277,True,0.69,17.008499999987325,39.3299999999972,1754.4200000001097,0.69,17.008499999987325,39.3299999999972,1754.4200000001097,2.3123732251536886
2025-07-15 11:30:00,2025-07-15 15:30:00,short,1.16882,1.16665,1.1677484285714286,1.1657685714285715,be_trail,1.21,260.8095000000008,True,0.16,17.145142857142304,34.720000000000084,1789.1400000001097,0.16,17.145142857142304,34.720000000000084,1789.1400000001097,2.025063324890085
2025-07-16 03:15:00,2025-07-16 03:30:00,short,1.16038,1.16071,1.16095,1.15867,be_trail,2.21,-72.92999999998706,False,0.31,17.66999999999874,-10.229999999998185,1778.9100000001115,0.31,17.66999999999874,-10.229999999998185,1778.9100000001115,-0.5789473684209911
2025-07-16 05:15:00,2025-07-16 07:45:00,short,1.16113,1.16146,1.1617922857142857,1.1591431428571428,be_trail,1.89,-61.69249999998904,False,0.26,17.219428571428885,-8.579999999998478,1770.330000000113,0.26,17.219428571428885,-8.579999999998478,1770.330000000113,-0.49827437446064454
2025-07-16 13:45:00,2025-07-16 14:45:00,long,1.16169,1.16106,1.1608145714285714,1.1643162857142855,be_trail,1.42,-88.47249999998706,False,0.2,17.508571428570544,-12.599999999998168,1757.7300000001148,0.2,17.508571428570544,-12.599999999998168,1757.7300000001148,-0.7196475195821773
2025-07-16 15:45:00,2025-07-16 16:00:00,long,1.1611099999999999,1.15987,1.15944,1.1661199999999994,be_trail,0.74,-91.75999999999318,False,0.1,16.699999999998383,-12.399999999999078,1745.3300000001157,0.1,16.699999999998383,-12.399999999999078,1745.3300000001157,-0.742514970059897
2025-07-17 05:00:00,2025-07-17 05:45:00,long,1.16285,1.16221,1.1619437142857143,1.1655688571428569,be_trail,1.35,-86.39999999999648,False,0.19,17.21942857142711,-12.159999999999505,1733.1700000001163,0.19,17.21942857142711,-12.159999999999505,1733.1700000001163,-0.7061790668348358
2025-07-17 06:30:00,2025-07-17 08:45:00,long,1.16198,1.16232,1.1617423214285714,1.1648874285714284,be_trail,1.26,42.72575000000067,True,0.72,17.11285714286248,24.480000000000498,1757.6500000001167,0.72,17.11285714286248,24.480000000000498,1757.6500000001167,1.4305033809161871
2025-07-17 23:00:00,2025-07-18 01:30:00,short,1.15975,1.16044,1.1605893571428572,1.1571991428571426,be_trail,1.44,-99.35999999997945,False,0.2,16.787142857142,-13.799999999997148,1743.8500000001195,0.2,16.787142857142,-13.799999999997148,1743.8500000001195,-0.8220576972171302
2025-07-21 01:15:00,2025-07-21 03:00:00,short,1.16308,1.16304,1.1635330357142855,1.160757142857143,be_trail,1.57,6.684499999971561,False,0.38,17.215357142851495,1.5199999999930824,1745.3700000001127,0.38,17.215357142851495,1.5199999999930824,1745.3700000001127,0.088293259755244
2025-07-21 04:15:00,2025-07-21 05:00:00,long,1.1625299999999998,1.16174,1.1615339999999998,1.1655179999999998,be_trail,1.22,-96.37999999998125,False,0.17,16.93199999999995,-13.42999999999739,1731.9400000001153,0.17,16.93199999999995,-13.42999999999739,1731.9400000001153,-0.7931726907629004
2025-07-21 05:15:00,2025-07-21 11:15:00,long,1.16218,1.16392,1.1634012857142857,1.1650325714285714,time,1.27,219.55025000000927,True,0.14,17.097999999999836,24.36000000000105,1756.3000000001164,0.14,17.097999999999836,24.36000000000105,1756.3000000001164,1.4247280383671355
2025-07-21 11:15:00,2025-07-21 11:30:00,short,1.16392,1.16394,1.1648297142857145,1.1611908571428569,be_trail,1.35,-2.6999999999877122,False,0.19,17.284571428573646,-0.3799999999982706,1755.920000000118,0.19,17.284571428573646,-0.3799999999982706,1755.920000000118,-0.021984924623012703
2025-07-21 12:00:00,2025-07-21 14:00:00,short,1.16425,1.16462,1.1651412142857143,1.1609894285714288,be_trail,1.13,-41.22399999999793,False,0.19,16.933071428570923,-7.029999999999648,1748.8900000001183,0.19,16.933071428570923,-7.029999999999648,1748.8900000001183,-0.41516390157889677
2025-07-22 05:00:00,2025-07-22 08:45:00,long,1.16889,1.16868,1.168428214285714,1.171252285714286,be_trail,1.55,-32.080500000006616,False,0.37,17.086071428578318,-7.770000000001609,1741.1200000001168,0.37,17.086071428578318,-7.770000000001609,1741.1200000001168,-0.4547563805103516
2025-07-23 03:30:00,2025-07-23 04:30:00,long,1.17436,1.17393,1.17368925,1.1771500000000004,be_trail,1.31,-55.497250000019925,False,0.25,16.768750000001333,-10.750000000003812,1730.370000000113,0.25,16.768750000001333,-10.750000000003812,1730.370000000113,-0.6410734252703963
2025-07-23 05:00:00,2025-07-23 07:15:00,long,1.17378,1.1737,1.1732287142857143,1.1772017142857139,be_trail,1.06,-8.041000000008625,False,0.31,17.089857142858378,-2.48000000000248,1727.8900000001104,0.31,17.089857142858378,-2.48000000000248,1727.8900000001104,-0.14511531484854095
2025-07-23 09:15:00,2025-07-23 10:45:00,long,1.1733,1.17389,1.1735642142857143,1.1758714285714287,be_trail,1.42,83.54650000001261,True,0.65,17.173928571431187,38.35000000000588,1766.2400000001162,0.65,17.173928571431187,38.35000000000588,1766.2400000001162,2.2330359556636954
2025-07-23 10:45:00,2025-07-23 16:45:00,short,1.17389,1.17174,1.1731319285714286,1.1705745714285714,time,1.1,234.40500000001066,True,0.23,17.435642857145385,49.45000000000222,1815.6900000001185,0.23,17.435642857145385,49.45000000000222,1815.6900000001185,2.8361443512670297
2025-07-23 17:00:00,2025-07-23 18:30:00,long,1.1726999999999999,1.17338,1.1722294999999998,1.1765434285714285,be_trail,0.97,65.3795000000228,True,0.38,17.879000000001533,25.840000000008967,1841.5300000001275,0.38,17.879000000001533,25.840000000008967,1841.5300000001275,1.4452709883106858
2025-07-24 06:30:00,2025-07-24 10:00:00,short,1.17759,1.17578,1.1766127857142856,1.1747717142857141,be_trail,1.33,239.03449999998253,True,0.18,17.589857142857213,32.57999999999761,1874.1100000001252,0.18,17.589857142857213,32.57999999999761,1874.1100000001252,1.85220378627279
2025-07-24 10:15:00,2025-07-24 12:00:00,long,1.1769399999999999,1.17582,1.1755200000000001,1.1811999999999991,be_trail,0.9,-100.79999999998091,False,0.13,18.45999999999681,-14.559999999997242,1859.550000000128,0.13,18.45999999999681,-14.559999999997242,1859.550000000128,-0.7887323943661839
2025-07-25 04:00:00,2025-07-25 08:45:00,short,1.17546,1.17455,1.1748738571428572,1.1730874285714283,be_trail,1.6,145.07874999999459,True,0.31,18.17042857142548,28.20999999999896,1887.7600000001269,0.31,18.17042857142548,28.20999999999896,1887.7600000001269,1.552522544479856
2025-07-25 10:00:00,2025-07-25 10:15:00,short,1.17481,1.17563,1.17594,1.1714199999999997,be_trail,1.13,-92.66000000000484,False,0.16,18.080000000001206,-13.120000000000687,1874.6400000001263,0.16,18.080000000001206,-13.120000000000687,1874.6400000001263,-0.7256637168141489
2025-07-25 11:00:00,2025-07-25 14:15:00,short,1.1753,1.1722599999999999,1.172844357142857,1.1713811428571432,tp,0.97,292.4170000000148,True,0.07,17.189500000000635,21.280000000001078,1895.9200000001274,0.07,17.189500000000635,21.280000000001078,1895.9200000001274,1.237965036795735
2025-07-28 01:15:00,2025-07-28 03:00:00,short,1.1752,1.17563,1.1767271785714284,1.1699800000000005,be_trail,0.74,-31.819999999994852,False,0.12,18.326142857140404,-5.159999999999165,1890.7600000001282,0.12,18.326142857140404,-5.159999999999165,1890.7600000001282,-0.28156497743269954
2025-07-28 04:30:00,2025-07-28 09:15:00,short,1.17618,1.1741,1.1731652142857143,1.1728834285714285,be_trail,1.18,243.66600000000972,False,0.06,18.088714285714236,12.48000000000049,1903.2400000001287,0.06,18.088714285714236,12.48000000000049,1903.2400000001287,0.6899329495107737
2025-07-31 13:15:00,2025-07-31 13:30:00,long,1.14373,1.14278,1.1421128571428572,1.1485814285714282,be_trail,0.81,-76.95000000000053,False,0.11,17.788571428570375,-10.45000000000007,1892.7900000001287,0.11,17.788571428570375,-10.45000000000007,1892.7900000001287,-0.5874558303887313
2025-07-31 14:00:00,2025-07-31 15:30:00,long,1.14404,1.14386,1.1431209285714288,1.1488331428571426,be_trail,0.82,-14.347499999987523,False,0.2,18.38142857142344,-3.599999999996939,1889.1900000001317,0.2,18.38142857142344,-3.599999999996939,1889.1900000001317,-0.19584984844941017
2025-08-01 00:00:00,2025-08-01 02:15:00,long,1.1417,1.14182,1.1411899642857142,1.1449399999999998,be_trail,1.21,14.769000000014243,False,0.37,18.87132142857317,4.44000000000444,1893.630000000136,0.37,18.87132142857317,4.44000000000444,1893.630000000136,0.23527764162194872
2025-08-01 04:00:00,2025-08-01 06:00:00,short,1.1424400000000001,1.14119,1.1422679285714286,1.139404,be_trail,1.3,161.6010000000254,True,1.1,18.92785714287193,137.5000000000215,2031.1300000001575,1.1,18.92785714287193,137.5000000000215,2031.1300000001575,7.264425072639711
2025-08-04 14:45:00,2025-08-04 15:15:00,short,1.1568100000000001,1.1565699999999999,1.1583767142857142,1.1520854285714288,be_trail,0.84,20.147500000019967,False,0.12,18.800571428569054,2.8800000000028803,2034.0100000001603,0.12,18.800571428569054,2.8800000000028803,2034.0100000001603,0.15318683322712612
2025-08-04 16:00:00,2025-08-04 22:00:00,short,1.15754,1.1566,1.1581517142857143,1.1521365714285712,time,0.74,68.78449999999559,True,0.33,20.186571428570943,31.019999999998053,2065.0300000001585,0.33,20.186571428570943,31.019999999998053,2065.0300000001585,1.5366651097617339
2025-08-05 15:00:00,2025-08-05 16:45:00,long,1.15404,1.155,1.153264642857143,1.1580857142857144,be_trail,0.99,94.18650000000706,True,0.26,20.159285714282937,24.96000000000187,2089.9900000001603,0.26,20.159285714282937,24.96000000000187,2089.9900000001603,1.2381391064028429
2025-08-05 23:00:00,2025-08-06 03:45:00,long,1.1573499999999999,1.15754,1.1573017142857143,1.1594105714285712,be_trail,1.96,37.39000000002646,True,4.32,20.859428571384342,82.0800000000581,2172.0700000002184,4.32,20.859428571384342,82.0800000000581,2172.0700000002184,3.9349112426146795
2025-08-06 05:30:00,2025-08-06 08:30:00,long,1.157,1.15779,1.1575292142857143,1.1591291428571426,be_trail,1.9,149.612250000013,True,0.41,21.69778571428571,32.3900000000028,2204.460000000221,0.41,21.69778571428571,32.3900000000028,2204.460000000221,1.4927790525038411
2025-08-06 09:45:00,2025-08-06 12:30:00,short,1.15828,1.15825,1.1584557857142859,1.1558319999999995,be_trail,1.67,5.420999999995678,False,1.25,21.97321428573651,3.7499999999968114,2208.210000000218,1.25,21.97321428573651,3.7499999999968114,2208.210000000218,0.17066233238489156
2025-08-07 22:30:00,2025-08-07 23:00:00,long,1.16272,1.16546,1.1644713571428573,1.166381714285714,tp,1.12,304.9854999999962,True,0.12,21.016285714288152,32.879999999999576,2241.0900000002175,0.12,21.016285714288152,32.879999999999576,2241.0900000002175,1.564500999224889
2025-08-08 05:30:00,2025-08-08 08:00:00,long,1.1662299999999999,1.16582,1.1653397142857143,1.1689008571428567,be_trail,1.57,-64.36999999996851,False,0.25,22.257142857140533,-10.249999999994985,2230.8400000002225,0.25,22.257142857140533,-10.249999999994985,2230.8400000002225,-0.4605263157892965
2025-08-08 09:30:00,2025-08-08 11:30:00,long,1.16482,1.16524,1.1649731428571428,1.1672371428571429,be_trail,1.73,72.88550000001504,True,1.45,22.205714285713494,60.90000000001261,2291.7400000002353,1.45,22.205714285713494,60.90000000001261,2291.7400000002353,2.7425373134335014
2025-08-08 12:45:00,2025-08-08 18:45:00,long,1.16383,1.16609,1.164832642857143,1.167443714285714,time,1.16,260.78350000001734,True,0.22,22.058142857146468,49.720000000003324,2341.460000000239,0.22,22.058142857146468,49.720000000003324,2341.460000000239,2.2540428866564746
2025-08-08 21:00:00,2025-08-11 03:00:00,short,1.16591,1.16482,1.1653994285714286,1.162827714285714,time,1.39,150.4775000000047,True,0.45,22.975714285711213,49.05000000000159,2390.5100000002403,0.45,22.975714285711213,49.05000000000159,2390.5100000002403,2.1348628987132816
2025-08-12 00:15:00,2025-08-12 03:00:00,short,1.16146,1.1617,1.1619096428571427,1.1593377142857142,be_trail,2.04,-48.53275000000369,False,0.53,23.831071428566997,-12.720000000000955,2377.790000000239,0.53,23.831071428566997,-12.720000000000955,2377.790000000239,-0.5337569499604252
2025-08-12 09:45:00,2025-08-12 12:15:00,long,1.16169,1.16141,1.1608427857142858,1.1644088571428568,be_trail,1.58,-43.743499999974176,False,0.28,23.721999999994914,-7.839999999995407,2369.9500000002436,0.28,23.721999999994914,-7.839999999995407,2369.9500000002436,-0.3304948992495189
2025-08-12 13:15:00,2025-08-12 14:45:00,long,1.1612,1.16025,1.1601542857142857,1.164337142857143,be_trail,1.37,-130.1500000000009,False,0.22,23.005714285714962,-20.90000000000014,2349.0500000002435,0.22,23.005714285714962,-20.90000000000014,2349.0500000002435,-0.9084699453551707
2025-08-12 15:00:00,2025-08-12 15:30:00,long,1.16059,1.16055,1.163090142857143,1.1634254285714283,be_trail,1.5,-5.305000000005888,False,0.09,22.501285714286553,-0.36000000000036,2348.690000000243,0.09,22.501285714286553,-0.36000000000036,2348.690000000243,-0.01599908576654303
2025-08-13 06:30:00,2025-08-13 09:00:00,short,1.1683,1.168,1.16873,1.1654645714285716,be_trail,1.5,44.80149999999506,False,0.54,23.220000000008234,16.199999999998216,2364.890000000241,0.54,23.220000000008234,16.199999999998216,2364.890000000241,0.6976744186043269
2025-08-14 04:00:00,2025-08-14 05:15:00,short,1.17114,1.17125,1.1712412857142858,1.1697171428571425,be_trail,3.0,-32.761249999949676,False,2.33,23.599571428566392,-25.629999999960962,2339.26000000028,2.33,23.599571428566392,-25.629999999960962,2339.26000000028,-1.0860366713667018
2025-08-14 08:45:00,2025-08-14 09:00:00,long,1.17025,1.17017,1.1698685000000002,1.1719642857142853,be_trail,2.48,-19.455000000019986,False,0.61,23.271499999988563,-4.88000000000488,2334.3800000002752,0.61,23.271499999988563,-4.88000000000488,2334.3800000002752,-0.2096985583227243
2025-08-15 03:00:00,2025-08-15 04:00:00,short,1.1650800000000001,1.16532,1.1655025357142854,1.1637205714285717,be_trail,3.13,-74.78824999993617,False,0.55,23.23946428569146,-13.199999999988776,2321.1800000002863,0.55,23.23946428569146,-13.199999999988776,2321.1800000002863,-0.5679993238104037
2025-08-15 05:00:00,2025-08-15 06:15:00,short,1.16529,1.1659599999999999,1.1660282857142856,1.1630751428571429,be_trail,1.91,-127.16074999999029,False,0.31,22.88685714285643,-20.7699999999984,2300.4100000002877,0.31,22.88685714285643,-20.7699999999984,2300.4100000002877,-0.9075077399380388
2025-08-15 07:30:00,2025-08-15 08:45:00,short,1.16606,1.16637,1.16674,1.16402,be_trail,2.05,-63.54999999996114,False,0.33,22.44000000000046,-10.229999999993744,2290.180000000294,0.33,22.44000000000046,-10.229999999993744,2290.180000000294,-0.45588235294088836
2025-08-15 08:45:00,2025-08-15 09:00:00,short,1.16631,1.1671799999999999,1.1668711428571428,1.1646265714285715,be_trail,2.48,-215.75999999998174,False,0.4,22.445714285712626,-34.799999999997056,2255.380000000297,0.4,22.445714285712626,-34.799999999997056,2255.380000000297,-1.5504073319755436
2025-08-15 18:15:00,2025-08-18 00:00:00,short,1.17047,1.17157,1.170902857142857,1.1650151428571422,be_trail,0.75,-81.17700000000761,False,0.52,22.508571428570434,-57.20000000000525,2198.180000000292,0.52,22.508571428570434,-57.20000000000525,2198.180000000292,-2.5412541254128866
2025-08-18 01:15:00,2025-08-18 04:45:00,short,1.17108,1.16964,1.1704664999999999,1.169216571428571,be_trail,2.19,314.2214999999751,True,0.35,21.47250000000156,50.399999999996005,2248.580000000288,0.35,21.47250000000156,50.399999999996005,2248.580000000288,2.3471882640583233
2025-08-18 05:00:00,2025-08-18 09:15:00,long,1.1703999999999999,1.1702,1.1700606428571427,1.1728899999999995,be_trail,1.68,-33.373999999996016,False,0.66,22.39757142857224,-13.199999999998548,2235.3800000002893,0.66,22.39757142857224,-13.199999999998548,2235.3800000002893,-0.5893496106082068
2025-08-18 10:15:00,2025-08-18 10:45:00,long,1.17021,1.17003,1.16927,1.1730299999999998,be_trail,1.48,-26.390500000010196,False,0.23,21.61999999999864,-4.140000000001588,2231.2400000002876,0.23,21.61999999999864,-4.140000000001588,2231.2400000002876,-0.1914893617022131
2025-08-18 12:15:00,2025-08-18 14:45:00,long,1.16862,1.16836,1.1673045714285712,1.1727411428571426,be_trail,1.01,-25.95649999999261,False,0.16,21.04685714285992,-4.159999999998831,2227.0800000002887,0.16,21.04685714285992,-4.159999999998831,2227.0800000002887,-0.19765421372711214
2025-08-19 01:30:00,2025-08-19 04:15:00,short,1.16685,1.16581,1.1655589999999998,1.1651562857142859,be_trail,2.45,254.01349999998286,False,0.17,21.947000000002603,17.67999999999881,2244.7600000002876,0.17,21.947000000002603,17.67999999999881,2244.7600000002876,0.8055770720370306
2025-08-19 05:15:00,2025-08-19 08:45:00,long,1.16557,1.16637,1.1657514999999998,1.1685082857142859,be_trail,1.44,114.72599999998744,True,1.23,22.32449999997965,98.39999999998916,2343.160000000277,1.23,22.32449999997965,98.39999999998916,2343.160000000277,4.407713498626122
2025-08-19 11:45:00,2025-08-19 13:15:00,short,1.16743,1.16837,1.1685317142857143,1.1641248571428569,be_trail,1.29,-121.25999999999237,False,0.21,23.13600000000182,-19.73999999999876,2323.420000000278,0.21,23.13600000000182,-19.73999999999876,2323.420000000278,-0.853215767634734
2025-08-19 17:00:00,2025-08-19 17:15:00,long,1.1677,1.16696,1.1665948571428573,1.171015428571428,be_trail,1.27,-93.97999999999529,False,0.21,23.207999999996566,-15.539999999999221,2307.880000000279,0.21,23.207999999996566,-15.539999999999221,2307.880000000279,-0.6695966907963427
2025-08-19 18:00:00,2025-08-19 18:30:00,long,1.16729,1.16702,1.1660785714285713,1.1709242857142859,be_trail,1.15,-31.049999999999134,False,0.19,23.01714285714418,-5.129999999999857,2302.750000000279,0.19,23.01714285714418,-5.129999999999857,2302.750000000279,-0.22287735849054702
2025-08-20 10:45:00,2025-08-20 13:00:00,short,1.16403,1.16458,1.1651122857142857,1.1607831428571425,be_trail,1.29,-70.06325000000646,False,0.21,22.72800000000208,-11.55000000000106,2291.200000000278,0.21,22.72800000000208,-11.55000000000106,2291.200000000278,-0.5081837381203802
2025-08-20 13:45:00,2025-08-20 15:15:00,short,1.16476,1.1651799999999999,1.1654995714285714,1.161454857142857,be_trail,1.26,-52.081499999983016,False,0.3,22.18714285714185,-12.599999999995948,2278.6000000002823,0.3,22.18714285714185,-12.599999999995948,2278.6000000002823,-0.5678964651340908
2025-08-20 20:45:00,2025-08-21 00:15:00,short,1.1661299999999999,1.16583,1.1659839285714284,1.1627014285714286,be_trail,1.21,36.08049999999574,True,1.55,22.64107142857963,46.49999999999488,2325.1000000002773,1.55,22.64107142857963,46.49999999999488,2325.1000000002773,2.0537897310503745
2025-08-21 04:45:00,2025-08-21 09:00:00,long,1.16488,1.16496,1.1643094285714284,1.1671299999999993,be_trail,1.85,14.537750000014784,False,0.4,22.822857142861253,3.2000000000032003,2328.3000000002803,0.4,22.822857142861253,3.2000000000032003,2328.3000000002803,0.1402103154733248
2025-08-21 11:15:00,2025-08-21 15:30:00,short,1.1653,1.16417,1.1652074285714284,1.1618234285714286,be_trail,1.2,134.82900000000896,True,2.51,23.235428571459767,283.6300000000189,2611.930000000299,2.51,23.235428571459767,283.6300000000189,2611.930000000299,12.206790123441214
2025-08-22 02:15:00,2025-08-22 02:30:00,short,1.16103,1.1612,1.1615185714285714,1.1595642857142858,be_trail,2.87,-48.790000000001,False,0.53,25.89428571428387,-9.010000000000186,2602.920000000299,0.53,25.89428571428387,-9.010000000000186,2602.920000000299,-0.3479532163743009
2025-08-22 03:00:00,2025-08-22 06:30:00,short,1.16124,1.16018,1.1605800714285712,1.1596645714285714,tp,2.66,280.9827500000162,True,0.39,25.737214285724175,41.34000000000238,2644.2600000003013,0.39,25.737214285724175,41.34000000000238,2644.2600000003013,1.6062344409562885
2025-08-22 16:30:00,2025-08-22 17:00:00,short,1.161,1.16025,1.1613745,1.157938285714286,be_trail,1.39,104.19050000000405,True,0.7,26.214999999996103,52.50000000000199,2696.760000000303,0.7,26.214999999996103,52.50000000000199,2696.760000000303,2.002670226969666
2025-08-25 10:15:00,2025-08-25 10:45:00,short,1.17141,1.17095,1.171019357142857,1.1690340000000004,be_trail,1.81,83.41475000002286,True,0.69,26.954357142864534,31.74000000000876,2728.500000000312,0.69,26.954357142864534,31.74000000000876,2728.500000000312,1.177546169317976
2025-08-25 11:15:00,2025-08-25 12:45:00,long,1.17038,1.16959,1.1693114285714286,1.1735857142857142,be_trail,1.35,-105.46075000000931,False,0.25,26.714285714285467,-19.750000000001712,2708.75000000031,0.25,26.714285714285467,-19.750000000001712,2708.75000000031,-0.7393048128342954
2025-08-25 14:15:00,2025-08-25 14:45:00,long,1.1693799999999999,1.16932,1.169217857142857,1.1719342857142854,be_trail,1.68,-9.484999999991306,False,1.67,27.07785714284383,-10.01999999999148,2698.730000000319,1.67,27.07785714284383,-10.01999999999148,2698.730000000319,-0.3700440528633034
2025-08-26 07:30:00,2025-08-26 09:00:00,long,1.1631399999999998,1.16413,1.163173142857143,1.1662839999999997,be_trail,1.36,134.06500000003652,True,8.14,26.978285714545084,805.8600000002185,3504.590000000537,8.14,26.978285714545084,805.8600000002185,3504.590000000537,29.87068965489334
2025-08-26 09:00:00,2025-08-26 10:00:00,short,1.16413,1.16229,1.1628192142857143,1.160972285714286,tp,1.37,250.9530000000089,True,0.26,34.08042857143023,47.84000000000166,3552.4300000005387,0.26,34.08042857143023,47.84000000000166,3552.4300000005387,1.403738215901021
2025-08-26 10:45:00,2025-08-26 11:15:00,long,1.16227,1.16207,1.1607465714285714,1.1668402857142854,be_trail,0.96,-19.199999999997885,False,0.23,35.03885714285571,-4.599999999999494,3547.8300000005393,0.23,35.03885714285571,-4.599999999999494,3547.8300000005393,-0.13128282070516722
2025-08-26 14:30:00,2025-08-26 14:45:00,short,1.1642000000000001,1.1656199999999999,1.1656262857142858,1.159921142857143,be_trail,1.03,-146.25999999997475,False,0.24,34.23085714285712,-34.079999999994115,3513.7500000005452,0.24,34.23085714285712,-34.079999999994115,3513.7500000005452,-0.9955929487177775
2025-08-26 18:00:00,2025-08-27 00:00:00,short,1.16548,1.16464,1.1646246428571427,1.1609028571428577,time,0.95,79.20800000001637,False,0.41,35.06964285715086,34.44000000000713,3548.1900000005526,0.41,35.06964285715086,34.44000000000713,3548.1900000005526,0.9820459290187683
2025-08-27 01:30:00,2025-08-27 06:45:00,short,1.16458,1.1627999999999998,1.1635182857142858,1.1625022857142862,tp,2.11,374.07025000002415,True,0.33,35.036571428565644,58.740000000003796,3606.9300000005564,0.33,35.036571428565644,58.740000000003796,3606.9300000005564,1.6765339074277261
2025-08-28 09:15:00,2025-08-28 09:30:00,long,1.1642899999999998,1.16384,1.163615714285714,1.1663128571428574,be_trail,2.22,-99.89999999996436,False,0.53,35.737142857150026,-23.849999999991493,3583.080000000565,0.53,35.737142857150026,-23.849999999991493,3583.080000000565,-0.6673728813555604
2025-08-29 00:00:00,2025-08-29 00:15:00,long,1.16836,1.16787,1.1677714285714287,1.1701257142857142,be_trail,2.53,-123.97000000002566,False,0.6,35.31428571428297,-29.400000000006088,3553.680000000559,0.6,35.31428571428297,-29.400000000006088,3553.680000000559,-0.8325242718448973
2025-08-29 02:15:00,2025-08-29 03:15:00,long,1.16778,1.1679599999999999,1.1675772857142859,1.169226857142857,be_trail,3.06,55.21324999995314,False,1.75,35.474999999979275,31.499999999973216,3585.1800000005323,1.75,35.474999999979275,31.499999999973216,3585.1800000005323,0.8879492600420471
2025-08-29 09:15:00,2025-08-29 10:00:00,short,1.16635,1.16679,1.16713,1.16401,be_trail,1.9,-83.17624999999929,False,0.45,35.10000000000013,-19.79999999999982,3565.3800000005326,0.45,35.10000000000013,-19.79999999999982,3565.3800000005326,-0.5641025641025568
2025-08-29 12:00:00,2025-08-29 16:45:00,short,1.16759,1.1667399999999999,1.1668941428571429,1.163585428571428,be_trail,1.1,93.16250000000181,True,0.51,35.488714285708326,43.35000000000088,3608.7300000005334,0.51,35.488714285708326,43.35000000000088,3608.7300000005334,1.2215150893042745
2025-09-01 01:45:00,2025-09-01 04:15:00,long,1.1691099999999999,1.16929,1.1690799285714286,1.1712785714285716,be_trail,2.05,36.87000000001417,True,12.0,36.08571428550533,216.0000000000828,3824.730000000616,12.0,36.08571428550533,216.0000000000828,3824.730000000616,5.985748218564271
2025-09-01 04:15:00,2025-09-01 05:00:00,short,1.16929,1.16956,1.1697024285714286,1.1676545714285715,be_trail,2.73,-73.33074999999802,False,0.92,37.94342857143551,-24.83999999999931,3799.890000000617,0.92,37.94342857143551,-24.83999999999931,3799.890000000617,-0.6546588153791485
2025-09-01 16:15:00,2025-09-01 18:00:00,long,1.17147,1.17109,1.17052,1.17432,be_trail,1.56,-59.280000000007334,False,0.39,37.05000000000025,-14.820000000001833,3785.070000000615,0.39,37.05000000000025,-14.820000000001833,3785.070000000615,-0.40000000000004676
2025-09-01 19:30:00,2025-09-02 00:00:00,long,1.17034,1.17105,1.1709949642857143,1.1728462857142854,be_trail,1.76,124.48574999999784,True,0.57,37.33296428571631,40.46999999999934,3825.5400000006143,0.57,37.33296428571631,40.46999999999934,3825.5400000006143,1.084028572986455
2025-09-02 00:00:00,2025-09-02 01:00:00,short,1.17105,1.1709,1.1714,1.1699999999999997,be_trail,4.25,63.70399999994581,False,1.09,38.1500000000079,16.3499999999861,3841.8900000006006,1.09,38.1500000000079,16.3499999999861,3841.8900000006006,0.4285714285709754
2025-09-02 07:45:00,2025-09-02 08:15:00,long,1.16952,1.16952,1.1687942857142855,1.1716971428571432,be_trail,2.06,0.0,False,0.52,37.73714285715091,0.0,3841.8900000006006,0.52,37.73714285715091,0.0,3841.8900000006006,0.0
2025-09-02 08:45:00,2025-09-02 10:00:00,long,1.16946,1.17031,1.1694522857142857,1.1716199999999994,be_trail,2.07,175.2860000000036,True,49.8,38.41714285682585,4233.000000000086,8074.890000000687,49.8,38.41714285682585,4233.000000000086,8074.890000000687,110.18518518609666
2025-09-02 22:30:00,2025-09-03 02:00:00,long,1.16386,1.16374,1.1636157142857142,1.1663319999999997,be_trail,1.83,-21.539749999981428,False,3.3,80.61428571427997,-39.59999999996633,8035.29000000072,3.3,80.61428571427997,-39.59999999996633,8035.29000000072,-0.4912280701750559
2025-09-03 04:00:00,2025-09-03 04:15:00,long,1.16337,1.16308,1.1628191428571428,1.1650225714285716,be_trail,2.74,-79.46000000003384,False,1.45,79.874285714292,-42.0500000000179,7993.240000000703,1.45,79.874285714292,-42.0500000000179,7993.240000000703,-0.5264522821578591
2025-09-03 06:15:00,2025-09-03 10:00:00,long,1.16295,1.16332,1.1631133571428571,1.1651820000000002,be_trail,2.02,74.39399999999631,True,4.89,79.88164285717136,180.92999999999094,8174.170000000694,4.89,79.88164285717136,180.92999999999094,8174.170000000694,2.264975951026625
2025-09-03 10:00:00,2025-09-03 10:15:00,short,1.16332,1.16308,1.163010857142857,1.1610605714285716,be_trail,2.0,48.104000000003474,False,2.64,81.61371428572473,63.36000000000475,8237.5300000007,2.64,81.61371428572473,63.36000000000475,8237.5300000007,0.776340110905689
2025-09-03 18:00:00,2025-09-03 18:15:00,short,1.16637,1.16781,1.1682465714285712,1.160740285714286,be_trail,0.8,-115.20000000000863,False,0.43,80.69257142856756,-61.920000000004634,8175.6100000006945,0.43,80.69257142856756,-61.920000000004634,8175.6100000006945,-0.767356881851495
2025-09-03 22:45:00,2025-09-04 03:30:00,long,1.1661299999999999,1.16599,1.1656131785714288,1.1687974285714287,be_trail,1.69,-23.389249999967497,False,1.58,81.65778571423755,-22.119999999969497,8153.490000000725,1.58,81.65778571423755,-22.119999999969497,8153.490000000725,-0.2708866007875687
2025-09-04 06:30:00,2025-09-04 09:30:00,long,1.1655,1.16582,1.1651990714285714,1.1678691428571428,be_trail,1.9,60.4442500000184,True,2.7,81.25071428572329,86.40000000002645,8239.89000000075,2.7,81.25071428572329,86.40000000002645,8239.89000000075,1.0633752670308274
2025-09-04 16:00:00,2025-09-04 17:30:00,long,1.16465,1.16415,1.1632972857142856,1.1694054285714288,be_trail,0.95,-46.85799999999473,False,0.6,81.1628571428624,-29.999999999996696,8209.890000000754,0.6,81.1628571428624,-29.999999999996696,8209.890000000754,-0.36962720456219106
2025-09-04 18:30:00,2025-09-05 00:30:00,long,1.16417,1.16496,1.164439142857143,1.1697002857142857,time,0.81,63.423500000005404,True,3.05,82.08857142863901,240.95000000002088,8450.840000000775,3.05,82.08857142863901,240.95000000002088,8450.840000000775,2.935244161356649
2025-09-08 02:30:00,2025-09-08 08:30:00,long,1.1711,1.1719,1.1711861428571428,1.1733251428571427,time,2.03,162.05549999998215,True,9.81,84.50614285709901,784.7999999999137,9235.640000000689,9.81,84.50614285709901,784.7999999999137,9235.640000000689,9.286898839141442
2025-09-08 08:45:00,2025-09-08 09:00:00,short,1.17158,1.17161,1.1722005714285715,1.1697182857142858,be_trail,2.45,-7.34999999999375,False,1.48,91.84457142856938,-4.439999999996225,9231.200000000692,1.48,91.84457142856938,-4.439999999996225,9231.200000000692,-0.04834254143642406
2025-09-08 09:30:00,2025-09-08 09:45:00,short,1.1717,1.17184,1.172516,1.1692520000000002,be_trail,1.86,-26.040000000005396,False,1.13,92.20799999999184,-15.820000000003274,9215.380000000689,1.13,92.20799999999184,-15.820000000003274,9215.380000000689,-0.17156862745103107
2025-09-08 11:30:00,2025-09-08 15:45:00,short,1.17291,1.1735499999999999,1.1736700714285713,1.1692139999999995,be_trail,1.23,-77.5127499999968,False,1.21,91.96864285713623,-77.43999999999684,9137.940000000692,1.21,91.96864285713623,-77.43999999999684,9137.940000000692,-0.8420261253641838
2025-09-09 05:30:00,2025-09-09 07:30:00,short,1.17732,1.17701,1.1772539285714287,1.1751565714285717,be_trail,2.1,65.13700000000689,True,13.83,91.37678571394115,428.7300000000449,9566.670000000737,13.83,91.37678571394115,428.7300000000449,9566.670000000737,4.691891891910076
2025-09-09 09:15:00,2025-09-09 10:45:00,short,1.17742,1.17546,1.1766311428571428,1.1752977142857142,tp,2.15,419.7247499999919,True,1.21,95.45171428571474,237.15999999999536,9803.830000000733,1.21,95.45171428571474,237.15999999999536,9803.830000000733,2.4846070264396354
2025-09-10 04:45:00,2025-09-10 08:45:00,long,1.1698199999999999,1.17114,1.1709047142857143,1.1724154285714286,be_trail,1.8,236.87775000003762,True,0.9,97.62428571429949,118.80000000001888,9922.630000000752,0.9,97.62428571429949,118.80000000001888,9922.630000000752,1.216910312129615
2025-09-10 08:45:00,2025-09-10 09:15:00,short,1.17114,1.17151,1.17166,1.1695800000000005,be_trail,3.05,-112.84999999999434,False,1.9,98.79999999997224,-70.29999999999647,9852.330000000757,1.9,98.79999999997224,-70.29999999999647,9852.330000000757,-0.7115384615386258
2025-09-10 09:45:00,2025-09-10 10:00:00,short,1.17117,1.1698499999999998,1.1712797857142856,1.1684648571428575,tp,1.74,228.55475000003645,True,8.97,98.47778571413701,1184.0400000001882,11036.370000000945,8.97,98.47778571413701,1184.0400000001882,11036.370000000945,12.02342225115865
2025-09-10 10:30:00,2025-09-10 11:15:00,long,1.1704599999999998,1.17019,1.1692291428571429,1.1741525714285708,be_trail,1.29,-34.82999999997038,False,0.89,109.54628571427105,-24.02999999997957,11012.340000000966,0.89,109.54628571427105,-24.02999999997957,11012.340000000966,-0.21935933147616596
2025-09-10 12:00:00,2025-09-10 15:00:00,long,1.1700599999999999,1.17048,1.1695119285714286,1.1746748571428574,be_trail,1.03,43.452500000008776,False,2.0,109.61428571425458,84.0000000000174,11096.340000000984,2.0,109.61428571425458,84.0000000000174,11096.340000000984,0.7663234719148818
2025-09-10 21:00:00,2025-09-10 22:00:00,long,1.17065,1.17047,1.1700363571428571,1.1734682857142857,be_trail,1.7,-30.60000000001173,False,1.8,110.45571428570878,-32.40000000001242,11063.940000000972,1.8,110.45571428570878,-32.40000000001242,11063.940000000972,-0.29333022930986985
2025-09-10 23:00:00,2025-09-11 03:15:00,long,1.1700899999999999,1.17004,1.1699065,1.1724591428571427,be_trail,2.02,-10.055249999976423,False,6.02,110.46699999993503,-30.099999999929846,11033.840000001042,6.02,110.46699999993503,-30.099999999929846,11033.840000001042,-0.27247956403222273
2025-09-11 04:15:00,2025-09-11 08:45:00,long,1.16971,1.16959,1.1693626428571429,1.1713351428571428,be_trail,2.94,-34.85400000003524,False,3.17,110.11221428572071,-38.04000000003804,10995.800000001005,3.17,110.11221428572071,-38.04000000003804,10995.800000001005,-0.3454657618757109
2025-09-11 09:30:00,2025-09-11 12:30:00,long,1.16943,1.16878,1.16839,1.1725499999999998,be_trail,1.53,-98.68925000000584,False,1.05,109.19999999999263,-68.25000000000414,10927.550000001002,1.05,109.19999999999263,-68.25000000000414,10927.550000001002,-0.62500000000008
2025-09-12 04:00:00,2025-09-12 04:15:00,long,1.17337,1.17269,1.1728031428571428,1.1750705714285716,be_trail,2.79,-189.72000000000386,False,1.92,108.83657142858283,-130.56000000000267,10796.990000000998,1.92,108.83657142858283,-130.56000000000267,10796.990000000998,-1.1995967741934472
2025-09-12 05:15:00,2025-09-12 06:00:00,long,1.1729,1.17269,1.1722965714285714,1.1747102857142862,be_trail,2.59,-54.39000000001126,False,1.78,107.41028571430844,-37.38000000000774,10759.61000000099,1.78,107.41028571430844,-37.38000000000774,10759.61000000099,-0.3480113636363621
2025-09-12 06:00:00,2025-09-12 09:00:00,long,1.17275,1.17313,1.17265725,1.174688857142857,be_trail,2.41,91.1572500000113,True,11.6,107.58999999984198,440.80000000005447,11200.410000001044,11.6,107.58999999984198,440.80000000005447,11200.410000001044,4.097035040437791
2025-09-12 09:15:00,2025-09-12 09:45:00,short,1.17279,1.17322,1.1734242857142856,1.1708871428571432,be_trail,2.47,-105.67524999998292,False,1.76,111.63428571426337,-75.67999999998776,11124.730000001056,1.76,111.63428571426337,-75.67999999998776,11124.730000001056,-0.677927927927954
2025-09-12 12:30:00,2025-09-12 14:45:00,long,1.17238,1.17246,1.1720845714285713,1.176120571428571,be_trail,1.24,10.444500000009738,False,3.76,111.08114285720028,30.08000000003008,11154.810000001087,3.76,111.08114285720028,30.08000000003008,11154.810000001087,0.2707930367506144
2025-09-12 17:00:00,2025-09-12 23:00:00,long,1.17136,1.17363,1.1730958571428571,1.1752274285714286,time,1.2,270.7864999999993,True,0.64,111.09485714285938,145.27999999999963,11300.090000001086,0.64,111.09485714285938,145.27999999999963,11300.090000001086,1.3077112994814946
2025-09-15 04:00:00,2025-09-15 08:45:00,long,1.17275,1.17287,1.1728350714285714,1.1744351428571431,be_trail,2.82,33.8890000000338,True,13.28,112.97485714280953,159.36000000015935,11459.450000001245,13.28,112.97485714280953,159.36000000015935,11459.450000001245,1.4105793450901665
2025-09-15 10:00:00,2025-09-15 12:15:00,long,1.17258,1.174,1.173362357142857,1.1746165714285712,tp,2.33,329.8554999999948,True,1.46,114.22414285714044,207.3199999999966,11666.770000001241,1.46,114.22414285714044,207.3199999999966,11666.770000001241,1.8150278462521772
2025-09-16 04:00:00,2025-09-16 06:15:00,long,1.17628,1.17756,1.1768475714285715,1.1778699999999998,tp,3.05,389.2187499999842,True,2.05,116.35214285716899,262.3999999999893,11929.17000000123,2.05,116.35214285716899,262.3999999999893,11929.17000000123,2.255222753586112
2025-09-17 08:30:00,2025-09-17 09:00:00,short,1.18567,1.18594,1.1859800714285715,1.1842162857142855,be_trail,3.42,-91.96474999999738,False,3.84,119.06742857146924,-103.67999999999711,11825.490000001233,3.84,119.06742857146924,-103.67999999999711,11825.490000001233,-0.8707671043535138
2025-09-17 11:30:00,2025-09-17 13:00:00,long,1.18458,1.18458,1.183729357142857,1.1872577142857144,be_trail,1.84,0.48874999999992674,False,1.39,118.23935714285882,0.0,11825.490000001233,1.39,118.23935714285882,0.0,11825.490000001233,0.0
2025-09-17 13:45:00,2025-09-17 19:00:00,long,1.1843299999999999,1.18447,1.184267,1.1872854285714283,be_trail,1.67,23.239000000004893,True,18.77,118.25099999985777,262.7800000000544,12088.270000001288,18.77,118.25099999985777,262.7800000000544,12088.270000001288,2.222222222225355
2025-09-17 19:45:00,2025-09-17 21:00:00,short,1.18522,1.18549,1.1862074285714286,1.182257714285714,be_trail,1.67,-44.560999999998735,False,1.22,120.46628571429395,-32.93999999999908,12055.33000000129,1.22,120.46628571429395,-32.93999999999908,12055.33000000129,-0.27343749999997363
2025-09-18 09:45:00,2025-09-18 10:00:00,long,1.17976,1.17944,1.1798142857142857,1.1833051428571426,be_trail,1.39,-43.446749999982885,False,22.2,120.51428571444144,-710.3999999997246,11344.930000001565,22.2,120.51428571444144,-710.3999999997246,11344.930000001565,-5.8947368420953605
2025-09-18 21:00:00,2025-09-19 03:00:00,short,1.17876,1.17896,1.1785504999999998,1.1744365714285716,time,1.14,-22.27449999999753,False,5.41,113.33950000010584,-108.19999999998808,11236.730000001577,5.41,113.33950000010584,-108.19999999998808,11236.730000001577,-0.9546539379464974
2025-09-19 04:45:00,2025-09-19 05:00:00,long,1.1780899999999999,1.17755,1.1772934285714285,1.180479714285714,be_trail,2.06,-111.23999999995117,False,1.41,112.316571428563,-76.13999999996656,11160.59000000161,1.41,112.316571428563,-76.13999999996656,11160.59000000161,-0.6779053084646026
2025-09-19 05:45:00,2025-09-19 07:15:00,long,1.17811,1.1787,1.1779152142857143,1.1807637142857144,be_trail,1.84,108.13225000001658,True,5.72,111.41742857139825,337.4800000000517,11498.070000001662,5.72,111.41742857139825,337.4800000000517,11498.070000001662,3.028969563624318
2025-09-19 08:15:00,2025-09-19 09:30:00,long,1.17761,1.17717,1.1766248571428573,1.1805654285714284,be_trail,1.66,-73.03999999999932,False,1.16,114.2765714285643,-51.03999999999953,11447.030000001663,1.16,114.2765714285643,-51.03999999999953,11447.030000001663,-0.44663573085849245
2025-09-19 10:30:00,2025-09-19 11:00:00,long,1.17749,1.17702,1.1761642857142856,1.181467142857143,be_trail,1.23,-57.171999999996224,False,0.86,114.01142857143621,-40.41999999999746,11406.610000001665,0.86,114.01142857143621,-40.41999999999746,11406.610000001665,-0.3545258620689195
2025-09-19 18:00:00,2025-09-22 00:00:00,short,1.17573,1.1742599999999999,1.1750870714285713,1.1708065714285716,time,0.99,144.6575000000081,True,1.77,113.79835714287445,260.19000000001455,11666.80000000168,1.77,113.79835714287445,260.19000000001455,11666.80000000168,2.2864126208196893
2025-09-22 00:00:00,2025-09-22 01:45:00,long,1.1742599999999999,1.17401,1.1739220357142857,1.1762348571428567,be_trail,2.49,-61.48649999996559,False,3.45,116.59767857139848,-86.2499999999522,11580.550000001727,3.45,116.59767857139848,-86.2499999999522,11580.550000001727,-0.7397231321988722
2025-09-22 04:15:00,2025-09-22 05:00:00,long,1.17386,1.17325,1.1731097142857143,1.1761108571428567,be_trail,2.18,-132.97999999999988,False,1.54,115.54399999998122,-93.93999999999991,11486.610000001727,1.54,115.54399999998122,-93.93999999999991,11486.610000001727,-0.8130236100534445
2025-09-22 06:15:00,2025-09-22 10:15:00,long,1.17344,1.174,1.1743098571428572,1.1760748571428572,be_trail,1.84,102.52399999998053,False,1.32,114.82114285714306,73.919999999986,11560.530000001712,1.32,114.82114285714306,73.919999999986,11560.530000001712,0.643783872556947
2025-09-22 10:15:00,2025-09-22 10:30:00,short,1.174,1.1754799999999999,1.174934857142857,1.1711954285714286,be_trail,1.74,-257.5199999999871,False,1.23,114.98742857142652,-182.0399999999909,11378.49000000172,1.23,114.98742857142652,-182.0399999999909,11378.49000000172,-1.5831295843520272
2025-09-23 09:45:00,2025-09-23 10:00:00,long,1.17984,1.17948,1.17902,1.1823000000000001,be_trail,1.96,-70.55999999998353,False,1.38,113.16000000000591,-49.6799999999884,11328.810000001733,1.38,113.16000000000591,-49.6799999999884,11328.810000001733,-0.43902439024377693
2025-09-23 12:45:00,2025-09-23 16:00:00,short,1.18032,1.1797499999999999,1.1803364285714284,1.1760720000000005,be_trail,1.13,64.3505000000204,True,68.95,113.27499999855495,3930.150000001251,15258.960000002984,68.95,113.27499999855495,3930.150000001251,15258.960000002984,34.6956521743667
2025-09-23 18:45:00,2025-09-24 00:45:00,long,1.17923,1.18144,1.1807461428571429,1.1830699999999998,time,1.25,274.37900000000576,True,1.0,151.61428571428547,221.00000000000452,15479.960000002988,1.0,151.61428571428547,221.00000000000452,15479.960000002988,1.4576462828606747
2025-09-24 09:00:00,2025-09-24 09:15:00,long,1.17986,1.1795200000000001,1.1790851428571427,1.1821845714285715,be_trail,2.1,-71.39999999995483,False,1.99,154.19657142858043,-67.6599999999572,15412.30000000303,1.99,154.19657142858043,-67.6599999999572,15412.30000000303,-0.43879056047167314
2025-09-24 10:45:00,2025-09-24 11:00:00,long,1.1792099999999999,1.17887,1.1781322857142855,1.182443142857143,be_trail,1.51,-51.339999999967525,False,1.43,154.11314285715184,-48.61999999996924,15363.68000000306,1.43,154.11314285715184,-48.61999999996924,15363.68000000306,-0.3154825026508955
2025-09-25 03:00:00,2025-09-25 03:45:00,short,1.17422,1.1743299999999999,1.17471,1.1727500000000004,be_trail,3.31,-36.409999999944546,False,3.13,153.36999999996226,-34.429999999947555,15329.250000003112,3.13,153.36999999996226,-34.429999999947555,15329.250000003112,-0.22448979591808066
2025-09-25 04:15:00,2025-09-25 05:30:00,short,1.17452,1.17481,1.175013964285714,1.1729411428571432,be_trail,3.07,-88.51299999996988,False,3.1,153.12892857134665,-89.89999999996945,15239.350000003144,3.1,153.12892857134665,-89.89999999996945,15239.350000003144,-0.5870869785266131
2025-09-25 07:15:00,2025-09-25 09:15:00,short,1.17497,1.17431,1.1749251428571428,1.1731460000000002,be_trail,2.64,173.71425000002776,True,33.97,152.37971428621688,2242.0200000003565,17481.3700000035,33.97,152.37971428621688,2242.0200000003565,17481.3700000035,14.713375796132155
2025-09-25 09:30:00,2025-09-25 10:30:00,long,1.1747699999999999,1.17427,1.1741037142857143,1.1767688571428567,be_trail,2.44,-121.42224999998642,False,2.62,174.5668571428323,-130.9999999999856,17350.370000003513,2.62,174.5668571428323,-130.9999999999856,17350.370000003513,-0.7504288164665767
2025-09-25 14:00:00,2025-09-25 15:30:00,short,1.1747,1.17363,1.1719355714285715,1.1712097142857143,be_trail,1.38,146.90400000001745,False,0.62,171.3945714285705,66.34000000000783,17416.71000000352,0.62,171.3945714285705,66.34000000000783,17416.71000000352,0.3870601002532647
2025-09-26 08:45:00,2025-09-26 09:00:00,short,1.16788,1.16778,1.1684388571428572,1.1662034285714284,be_trail,2.91,29.18599999999705,False,3.11,173.8045714285874,31.099999999996573,17447.810000003516,3.11,173.8045714285874,31.099999999996573,17447.810000003516,0.17893660531693725
2025-09-26 12:00:00,2025-09-26 14:45:00,short,1.16806,1.16702,1.1675647857142857,1.1650120000000004,be_trail,1.6,165.5222500000242,True,3.52,174.3154285714752,366.08000000005353,17813.89000000357,3.52,174.3154285714752,366.08000000005353,17813.89000000357,2.10010096639236
2025-09-26 14:45:00,2025-09-26 17:30:00,long,1.16702,1.16891,1.1683940714285717,1.1700200000000003,tp,1.64,308.5584999999912,True,1.29,177.25521428575064,243.8099999999932,18057.700000003562,1.29,177.25521428575064,243.8099999999932,18057.700000003562,1.3754743463114745
2025-09-26 18:00:00,2025-09-29 00:00:00,short,1.16913,1.1707400000000001,1.1708426428571428,1.1639871428571433,time,0.98,-157.78000000001092,False,1.05,179.8274999999927,-169.0500000000117,17888.650000003552,1.05,179.8274999999927,-169.0500000000117,17888.650000003552,-0.9400675647496548
2025-09-29 03:00:00,2025-09-29 03:15:00,short,1.17051,1.17183,1.171072857142857,1.1688214285714287,be_trail,2.95,-389.3999999999964,False,3.17,178.42571428569664,-418.43999999999613,17470.210000003557,3.17,178.42571428569664,-418.43999999999613,17470.210000003557,-2.3451776649748295
2025-09-29 12:00:00,2025-09-29 14:15:00,long,1.17244,1.17137,1.171256,1.1759919999999995,be_trail,1.37,-145.4222499999869,False,1.47,174.04799999997823,-157.28999999998592,17312.92000000357,1.47,174.04799999997823,-157.28999999998592,17312.92000000357,-0.9037162162162485
2025-09-29 14:45:00,2025-09-29 15:30:00,long,1.17161,1.17215,1.1720199285714286,1.1747128571428573,be_trail,1.55,83.68549999999763,True,4.22,172.9898571428352,227.87999999999363,17540.800000003564,4.22,172.9898571428352,227.87999999999363,17540.800000003564,1.3173026659698113
2025-09-29 21:15:00,2025-09-30 03:00:00,long,1.17247,1.17309,1.1726304285714286,1.1750482857142854,be_trail,1.88,116.44450000001227,True,10.93,175.34842857159958,677.660000000071,18218.460000003637,10.93,175.34842857159958,677.660000000071,18218.460000003637,3.8646482635763326
2025-09-30 04:15:00,2025-09-30 04:45:00,long,1.17248,1.1721,1.1718811428571427,1.1742765714285717,be_trail,2.72,-103.36000000001279,False,3.04,182.0525714285992,-115.52000000001428,18102.940000003622,3.04,182.0525714285992,-115.52000000001428,18102.940000003622,-0.634541984732806
2025-09-30 05:30:00,2025-09-30 10:15:00,long,1.1722,1.17431,1.1736323571428573,1.174613714285714,tp,2.01,422.2947500000111,True,1.26,180.47700000003084,265.86000000000706,18368.80000000363,1.26,180.47700000003084,265.86000000000706,18368.80000000363,1.4730962948185178
2025-09-30 12:15:00,2025-09-30 16:45:00,short,1.17493,1.1732399999999998,1.1736470714285714,1.1715768571428575,be_trail,1.48,248.9730000000283,True,1.43,183.45878571429594,241.67000000002736,18610.470000003657,1.43,183.45878571429594,241.67000000002736,18610.470000003657,1.317298591392537
2025-09-30 16:45:00,2025-09-30 17:00:00,long,1.1732399999999998,1.17306,1.1728432857142856,1.1771554285714285,be_trail,1.29,-22.279999999980316,False,4.69,186.05899999995736,-84.41999999992822,18526.05000000373,4.69,186.05899999995736,-84.41999999992822,18526.05000000373,-0.45372704357191845
2025-10-01 03:30:00,2025-10-01 07:45:00,long,1.1735499999999999,1.1749100000000001,1.1750297857142857,1.1754820000000001,be_trail,2.61,353.6665000000652,False,1.25,184.973214285733,170.00000000003124,18696.05000000376,1.25,184.973214285733,170.00000000003124,18696.05000000376,0.9190519862915274
2025-10-02 04:00:00,2025-10-02 06:30:00,long,1.17305,1.17368,1.1733702857142858,1.1748877142857141,be_trail,2.8,175.96100000003645,True,5.83,186.72657142867033,367.290000000076,19063.34000000384,5.83,186.72657142867033,367.290000000076,19063.34000000384,1.9669937555747445
2025-10-02 09:30:00,2025-10-02 10:00:00,short,1.17394,1.17436,1.1746588571428571,1.1717834285714286,be_trail,2.41,-100.52225000002092,False,2.65,190.49714285714003,-111.30000000002305,18952.040000003813,2.65,190.49714285714003,-111.30000000002305,18952.040000003813,-0.5842607313196845
2025-10-03 04:15:00,2025-10-03 04:45:00,short,1.17224,1.17234,1.173,1.1699599999999997,be_trail,2.27,-22.460249999997515,False,2.49,189.2400000000234,-24.89999999999726,18927.140000003816,2.49,189.2400000000234,-24.89999999999726,18927.140000003816,-0.1315789473683903
2025-10-03 05:15:00,2025-10-03 09:00:00,short,1.17245,1.17178,1.1724693571428573,1.1703002857142855,be_trail,2.4,160.32124999998777,True,97.77,189.2547857156186,6550.589999999495,25477.73000000331,97.77,189.2547857156186,6550.589999999495,25477.73000000331,34.61254612521482
2025-10-03 12:15:00,2025-10-03 16:30:00,short,1.17344,1.17413,1.1744582857142858,1.1703851428571428,be_trail,1.71,-117.17449999997552,False,2.5,254.57142857143734,-172.49999999996436,25305.230000003347,2.5,254.57142857143734,-172.49999999996436,25305.230000003347,-0.6776094276092642
2025-10-03 17:00:00,2025-10-03 23:00:00,short,1.17413,1.17418,1.1744201428571428,1.1698785714285709,time,1.22,-5.713000000012958,False,8.72,253.00457142861356,-43.60000000009201,25261.630000003253,8.72,253.00457142861356,-43.60000000009201,25261.630000003253,-0.17232890201904497
2025-10-06 07:00:00,2025-10-06 09:00:00,short,1.17246,1.1717899999999999,1.1718024285714286,1.1700120000000003,be_trail,2.12,141.71850000003585,True,3.84,252.50742857144814,257.28000000006546,25518.910000003318,3.84,252.50742857144814,257.28000000006546,25518.910000003318,1.0189007169239257
2025-10-07 03:30:00,2025-10-07 04:00:00,long,1.17102,1.1709,1.1703651428571429,1.1729845714285712,be_trail,2.66,-31.91999999997286,False,3.89,254.73942857139954,-46.67999999996031,25472.230000003357,3.89,254.73942857139954,-46.67999999996031,25472.230000003357,-0.1832460732982944
2025-10-07 04:00:00,2025-10-07 04:30:00,long,1.17096,1.17052,1.1702754285714285,1.1730137142857144,be_trail,2.54,-111.75999999999897,False,3.72,254.66057142859015,-163.6799999999985,25308.550000003357,3.72,254.66057142859015,-163.6799999999985,25308.550000003357,-0.6427378964941038
2025-10-07 05:15:00,2025-10-07 07:45:00,long,1.17037,1.16991,1.1698127857142857,1.1726362857142858,be_trail,2.28,-104.17249999997846,False,4.54,252.975285714248,-208.83999999995683,25099.7100000034,4.54,252.975285714248,-208.83999999995683,25099.7100000034,-0.8255351877963889
2025-10-07 19:45:00,2025-10-08 00:15:00,short,1.16723,1.1660300000000001,1.1660982142857141,1.163846,be_trail,1.52,181.50549999998012,True,2.21,250.1246428571726,265.1999999999708,25364.910000003372,2.21,250.1246428571726,265.1999999999708,25364.910000003372,1.0602713789836637
2025-10-08 14:30:00,2025-10-08 16:15:00,short,1.1629,1.16376,1.1641077142857141,1.1592005714285716,be_trail,1.4,-120.39999999998052,False,2.1,253.61999999995888,-180.59999999997078,25184.310000003403,2.1,253.61999999995888,-180.59999999997078,25184.310000003403,-0.7120889519753966
2025-10-08 16:30:00,2025-10-08 21:15:00,short,1.16312,1.16029,1.1615285714285715,1.15886,be_trail,1.21,339.9104999999867,True,1.58,251.44571428569762,447.13999999998236,25631.450000003384,1.58,251.44571428569762,447.13999999998236,25631.450000003384,1.7782764811490601
2025-10-09 02:15:00,2025-10-09 03:15:00,short,1.16326,1.16319,1.1636482142857143,1.1614737142857139,be_trail,2.95,20.90625000000413,False,6.6,256.22142857146366,46.20000000000957,25677.650000003392,6.6,256.22142857146366,46.20000000000957,25677.650000003392,0.1803127874885131
2025-10-09 05:00:00,2025-10-09 05:45:00,short,1.16401,1.1646699999999999,1.1647265714285715,1.1618602857142855,be_trail,2.45,-161.6999999999713,False,3.58,256.5325714286009,-236.27999999995805,25441.370000003433,3.58,256.5325714286009,-236.27999999995805,25441.370000003433,-0.9210526315786782
2025-10-10 06:00:00,2025-10-10 08:15:00,short,1.15698,1.15744,1.1577205714285712,1.154758285714286,be_trail,2.35,-107.50000000002969,False,3.43,254.01599999996031,-157.78000000004357,25283.59000000339,3.43,254.01599999996031,-157.78000000004357,25283.59000000339,-0.6211419753089106
2025-10-10 12:00:00,2025-10-10 15:15:00,short,1.15789,1.15726,1.1573642857142856,1.154005428571429,be_trail,1.33,83.52250000001726,True,4.8,252.34285714294202,302.4000000000626,25585.990000003454,4.8,252.34285714294202,302.4000000000626,25585.990000003454,1.1983695652172364
2025-10-10 15:15:00,2025-10-10 18:00:00,long,1.15726,1.15786,1.158653857142857,1.1612499999999994,be_trail,1.31,78.29099999999146,False,1.83,255.07585714285176,109.79999999998792,25695.790000003442,1.83,255.07585714285176,109.79999999998792,25695.790000003442,0.43046018243308665
2025-10-13 00:15:00,2025-10-13 01:00:00,short,1.16101,1.16157,1.1611256428571426,1.157499142857143,be_trail,1.49,-82.83299999998418,False,22.21,256.8427857134814,-1243.7599999997644,24452.030000003677,22.21,256.8427857134814,-1243.7599999997644,24452.030000003677,-4.842495367525056
2025-10-13 01:45:00,2025-10-13 07:45:00,long,1.16039,1.16202,1.1614330714285712,1.164404857142857,time,1.3,210.81350000000265,True,2.34,244.0787142856573,381.42000000000473,24833.450000003682,2.34,244.0787142856573,381.42000000000473,24833.450000003682,1.562692597411875
2025-10-14 06:15:00,2025-10-14 06:45:00,short,1.15731,1.1580599999999999,1.1580711428571429,1.1550265714285717,be_trail,2.31,-173.2499999999553,False,3.26,248.1325714285507,-244.49999999993685,24588.950000003744,3.26,248.1325714285507,-244.49999999993685,24588.950000003744,-0.9853603603601883
2025-10-15 15:30:00,2025-10-15 15:45:00,long,1.16268,1.16202,1.1616502857142856,1.1657691428571428,be_trail,1.69,-111.5399999999802,False,2.38,245.07200000000347,-157.0799999999721,24431.87000000377,2.38,245.07200000000347,-157.0799999999721,24431.87000000377,-0.6409544950054265
2025-10-15 16:30:00,2025-10-15 20:30:00,long,1.1621,1.1633,1.1628462142857143,1.1656211428571426,be_trail,1.47,175.7095000000133,True,3.27,244.01207142861514,392.4000000000294,24824.270000003802,3.27,244.01207142861514,392.4000000000294,24824.270000003802,1.608117162821695
2025-10-16 00:15:00,2025-10-16 01:45:00,short,1.16442,1.16506,1.1651211428571429,1.1623165714285715,be_trail,2.49,-159.35999999999353,False,3.54,248.204571428567,-226.55999999999077,24597.71000000381,3.54,248.204571428567,-226.55999999999077,24597.71000000381,-0.912795436022799
2025-10-16 02:00:00,2025-10-16 03:15:00,short,1.16468,1.16495,1.1651981071428572,1.1629099999999997,be_trail,2.94,-78.98649999999785,False,4.74,245.58278571434667,-127.97999999999645,24469.730000003816,4.74,245.58278571434667,-127.97999999999645,24469.730000003816,-0.5211277314398506
2025-10-16 10:45:00,2025-10-16 14:15:00,long,1.1655499999999999,1.16513,1.1647351428571429,1.1689999999999992,be_trail,1.5,-62.35099999997962,False,3.0,244.45714285710187,-125.99999999995947,24343.730000003856,3.0,244.45714285710187,-125.99999999995947,24343.730000003856,-0.5154277699858955
2025-10-16 14:45:00,2025-10-16 18:45:00,long,1.16525,1.16679,1.1662352857142857,1.1682705714285715,be_trail,1.71,262.07100000001634,True,2.47,243.36557142859255,380.380000000024,24724.11000000388,2.47,243.36557142859255,380.380000000024,24724.11000000388,1.5629984051036312
2025-10-16 18:45:00,2025-10-16 20:00:00,short,1.16679,1.16778,1.1680642857142858,1.1629671428571426,be_trail,1.37,-135.63000000000636,False,1.94,247.21142857144193,-192.06000000000898,24532.05000000387,1.94,247.21142857144193,-192.06000000000898,24532.05000000387,-0.7769058295964069
2025-10-16 21:30:00,2025-10-17 01:15:00,short,1.16818,1.16915,1.1695548571428571,1.1640554285714286,be_trail,1.26,-121.84099999998944,False,1.78,244.72457142856774,-172.65999999998493,24359.390000003885,1.78,244.72457142856774,-172.65999999998493,24359.390000003885,-0.7055278470489932
2025-10-17 13:45:00,2025-10-17 14:00:00,long,1.1697199999999999,1.16898,1.1683314285714284,1.1738857142857144,be_trail,1.24,-91.7599999999954,False,1.75,243.00000000001543,-129.49999999999352,24229.890000003892,1.75,243.00000000001543,-129.49999999999352,24229.890000003892,-0.5329218106995279
2025-10-20 04:30:00,2025-10-20 05:15:00,short,1.16621,1.16686,1.1669100000000001,1.1641099999999995,be_trail,2.44,-157.7975000000096,False,3.46,242.20000000005015,-224.90000000001365,24004.99000000388,3.46,242.20000000005015,-224.90000000001365,24004.99000000388,-0.9285714285712926
2025-10-20 06:00:00,2025-10-20 07:45:00,short,1.1666,1.1671799999999999,1.1673377142857144,1.164386857142857,be_trail,2.3,-133.39999999995467,False,3.25,239.75714285716097,-188.49999999993594,23816.490000003945,3.25,239.75714285716097,-188.49999999993594,23816.490000003945,-0.7862122385744216
2025-10-20 09:45:00,2025-10-20 10:00:00,long,1.16672,1.16586,1.1659634285714287,1.168989714285714,be_trail,2.22,-190.92000000001843,False,3.14,237.56342857139722,-270.04000000002605,23546.45000000392,3.14,237.56342857139722,-270.04000000002605,23546.45000000392,-1.136706948640743
2025-10-20 15:00:00,2025-10-20 19:30:00,long,1.1657199999999999,1.16519,1.165121642857143,1.1690799999999992,be_trail,1.48,-77.7174999999881,False,3.93,235.15435714277834,-208.28999999996836,23338.16000000395,3.93,235.15435714277834,-208.28999999996836,23338.16000000395,-0.8857586248061787
2025-10-20 23:30:00,2025-10-21 03:00:00,long,1.1643999999999999,1.16442,1.1646977142857142,1.1663097142857142,be_trail,2.6,5.286000000033875,False,7.83,233.11028571433258,15.660000000102592,23353.820000004052,7.83,233.11028571433258,15.660000000102592,23353.820000004052,0.06717850287950529
2025-10-21 04:15:00,2025-10-21 05:45:00,short,1.16503,1.1636799999999998,1.1643607857142857,1.1635317142857142,tp,3.32,447.2315000000611,True,3.48,232.88657142858148,469.80000000006413,23823.620000004117,3.48,232.88657142858148,469.80000000006413,23823.620000004117,2.017291066282609
2025-10-21 23:45:00,2025-10-22 01:45:00,long,1.1601599999999999,1.16016,1.1599871071428571,1.1617714285714282,be_trail,3.17,0.24825000007044906,False,13.77,238.07346428553333,3.057554209817681e-10,23823.620000004423,13.77,238.07346428553333,3.057554209817681e-10,23823.620000004423,1.2842902164646978e-12
2025-10-22 04:00:00,2025-10-22 05:00:00,short,1.16048,1.1605699999999999,1.160961142857143,1.159036571428571,be_trail,3.54,-31.619249999972794,False,4.95,238.16571428576407,-44.54999999996212,23779.07000000446,4.95,238.16571428576407,-44.54999999996212,23779.07000000446,-0.1870546318287805
2025-10-22 12:00:00,2025-10-22 13:15:00,long,1.15983,1.15917,1.1586631428571428,1.1633305714285713,be_trail,1.45,-95.69999999998302,False,2.03,236.87199999999862,-133.9799999999762,23645.090000004482,2.03,236.87199999999862,-133.9799999999762,23645.090000004482,-0.5656219392751233
2025-10-22 23:15:00,2025-10-23 02:00:00,long,1.1611099999999999,1.16128,1.1608744642857143,1.1629082857142856,be_trail,2.82,47.91075000006351,False,10.03,236.2423214284408,170.5100000002262,23815.60000000471,10.03,236.2423214284408,170.5100000002262,23815.60000000471,0.7217589082651927
2025-10-23 07:30:00,2025-10-23 09:30:00,long,1.15961,1.15989,1.1596490357142857,1.1609351428571428,be_trail,3.83,107.20000000002219,True,61.0,238.11785714247247,1708.0000000003538,25523.600000005063,61.0,238.11785714247247,1708.0000000003538,25523.600000005063,7.172918572748663
2025-10-23 09:30:00,2025-10-23 11:00:00,short,1.15989,1.16008,1.160263892857143,1.1581157142857144,be_trail,2.88,-54.38224999997466,False,6.82,254.99492857141925,-129.5799999999403,25394.020000005123,6.82,254.99492857141925,-129.5799999999403,25394.020000005123,-0.5081669691467899
2025-10-23 14:45:00,2025-10-23 17:00:00,long,1.1591799999999999,1.16071,1.1599842142857142,1.1614565714285714,tp,2.24,341.4750000000071,True,3.15,253.3275000000079,481.9500000000099,25875.970000005134,3.15,253.3275000000079,481.9500000000099,25875.970000005134,1.9024780175859106
2025-10-24 09:00:00,2025-10-24 09:15:00,long,1.1605999999999999,1.16013,1.160179642857143,1.161889142857143,be_trail,4.03,-188.7424999998988,False,6.15,258.51964285701246,-289.0499999998453,25586.920000005288,6.15,258.51964285701246,-289.0499999998453,25586.920000005288,-1.1180968564145788
2025-10-24 11:15:00,2025-10-24 15:30:00,short,1.16129,1.1615499999999999,1.1620509285714284,1.15784,be_trail,1.49,-38.13349999998916,False,3.36,255.67199999997922,-87.35999999997546,25499.560000005313,3.36,255.67199999997922,-87.35999999997546,25499.560000005313,-0.34168778747763756
2025-10-27 00:00:00,2025-10-27 01:00:00,long,1.16368,1.16326,1.1627002142857141,1.16845,be_trail,1.07,-45.3085000000093,False,2.6,254.74428571433893,-109.20000000002261,25390.36000000529,2.6,254.74428571433893,-109.20000000002261,25390.36000000529,-0.42866516002041183
2025-10-27 05:00:00,2025-10-27 09:00:00,short,1.16392,1.16269,1.1629526428571428,1.1615971428571426,be_trail,2.2,269.9167500000144,True,2.62,253.44757142859376,322.2600000000169,25712.620000005307,2.62,253.44757142859376,322.2600000000169,25712.620000005307,1.271505574835663
2025-10-27 10:45:00,2025-10-27 14:45:00,long,1.16248,1.1639,1.163471357142857,1.1646674285714282,tp,2.37,335.1719999999947,True,2.59,256.76149999997074,367.779999999994,26080.400000005302,2.59,256.76149999997074,367.779999999994,26080.400000005302,1.4323798544565125
2025-10-27 15:30:00,2025-10-27 21:30:00,short,1.16415,1.16363,1.1643737142857142,1.1612425714285717,time,1.82,94.33350000001386,True,11.65,260.6271428570617,605.8000000000885,26686.200000005392,11.65,260.6271428570617,605.8000000000885,26686.200000005392,2.324393358877181
2025-10-27 22:30:00,2025-10-28 01:45:00,short,1.16443,1.16489,1.1651362857142857,1.162311142857143,be_trail,2.51,-115.45999999997613,False,3.77,266.26971428569357,-173.41999999996418,26512.780000005427,3.77,266.26971428569357,-173.41999999996418,26512.780000005427,-0.6512944983817931
2025-10-28 04:30:00,2025-10-28 06:45:00,short,1.16561,1.16584,1.1663682142857141,1.1630600000000006,be_trail,2.07,-47.24699999999027,False,3.49,264.6167857142203,-80.26999999998343,26432.510000005444,3.49,264.6167857142203,-80.26999999998343,26432.510000005444,-0.30334432406972495
2025-10-28 11:30:00,2025-10-28 11:45:00,long,1.1658899999999999,1.16588,1.1650591428571426,1.1683825714285716,be_trail,2.11,-1.9104999999670635,False,3.18,264.21257142860367,-3.1799999999502226,26429.330000005495,3.18,264.21257142860367,-3.1799999999502226,26429.330000005495,-0.012035763411089362
2025-10-28 14:15:00,2025-10-28 16:00:00,short,1.16578,1.1640899999999998,1.1639827857142857,1.1628314285714285,be_trail,1.79,300.8930000000343,False,1.47,264.19050000000686,248.43000000002812,26677.760000005524,1.47,264.19050000000686,248.43000000002812,26677.760000005524,0.940344183458609
2025-10-29 06:00:00,2025-10-29 06:30:00,long,1.16473,1.16428,1.164003142857143,1.1669105714285715,be_trail,2.46,-110.70000000001512,False,3.67,266.75657142857045,-165.15000000002257,26512.6100000055,3.67,266.75657142857045,-165.15000000002257,26512.6100000055,-0.6191037735849925
2025-10-29 18:15:00,2025-10-29 18:30:00,short,1.16456,1.16492,1.165696,1.161152,be_trail,1.56,-56.159999999986894,False,2.33,264.688000000006,-83.87999999998041,26428.730000005522,2.33,264.688000000006,-83.87999999998041,26428.730000005522,-0.31690140845062303
2025-10-30 04:30:00,2025-10-30 05:00:00,short,1.16093,1.16144,1.161608857142857,1.1588934285714287,be_trail,2.61,-133.1100000000027,False,3.89,264.07542857140885,-198.39000000000405,26230.34000000552,3.89,264.07542857140885,-198.39000000000405,26230.34000000552,-0.7512626262626977
2025-10-30 08:30:00,2025-10-30 12:15:00,short,1.16254,1.1619899999999999,1.1625095714285714,1.159426857142857,be_trail,1.69,92.69400000000827,True,86.2,262.29428571403537,4741.000000000435,30971.340000005956,86.2,262.29428571403537,4741.000000000435,30971.340000005956,18.07511737091093
2025-10-31 04:45:00,2025-10-31 09:45:00,short,1.15738,1.157,1.1569145357142856,1.1555182857142852,be_trail,2.85,108.2030000000136,False,6.65,309.5337500001283,252.70000000003122,31224.040000005985,6.65,309.5337500001283,252.70000000003122,31224.040000005985,0.8163891659630864
