entry_time,exit_time,side,entry_price,exit_price,sl,tp,result,pnl,equity,scaled_out
2025-05-13 08:30:00,2025-05-13 10:15:00,short,1.11141,1.11075,1.1119664285714284,1.1083774500000003,be_trail,6.6000000000010495,1006.600000000001,True
2025-05-13 11:00:00,2025-05-13 15:30:00,short,1.11162,1.11141,1.112129,1.1067141,be_trail,2.100000000000435,1008.7000000000015,False
2025-05-14 19:00:00,2025-05-14 19:30:00,long,1.12059,1.12019,1.118589,1.1265929999999997,be_trail,-3.9999999999995595,1004.700000000002,False
2025-05-14 21:00:00,2025-05-14 22:00:00,long,1.119,1.11781,1.1170795,1.1247615,be_trail,-11.900000000000244,992.8000000000017,False
2025-05-15 05:00:00,2025-05-15 09:15:00,short,1.11936,1.1196599999999999,1.1199804999999998,1.1163101999999998,be_trail,-2.9999999999996696,989.800000000002,False
2025-05-15 10:30:00,2025-05-15 15:30:00,short,1.12117,1.1195,1.1200922142857141,1.1163399999999997,be_trail,16.700000000000603,1006.5000000000026,True
2025-05-15 18:00:00,2025-05-16 00:00:00,long,1.11872,1.11901,1.1175585357142857,1.1256855499999998,time,2.900000000001235,1009.4000000000038,False
2025-05-16 02:30:00,2025-05-16 03:00:00,short,1.1192,1.11926,1.119851475,1.117245575,be_trail,-0.5999999999994898,1008.8000000000044,False
2025-05-16 04:30:00,2025-05-16 04:45:00,short,1.1199,1.12073,1.12081195,1.1171641499999996,be_trail,-8.300000000001084,1000.5000000000033,False
2025-05-16 05:00:00,2025-05-16 08:00:00,short,1.12037,1.12041,1.1209816428571429,1.1174029999999997,be_trail,-0.3999999999981796,1000.1000000000051,False
2025-05-16 08:30:00,2025-05-16 08:45:00,short,1.12073,1.12146,1.1216983,1.1178251,be_trail,-7.299999999998974,992.8000000000061,False
2025-05-16 09:45:00,2025-05-16 14:00:00,short,1.12152,1.12006,1.1206755,1.1181666,be_trail,14.600000000000168,1007.4000000000063,True
2025-05-19 05:15:00,2025-05-19 10:15:00,long,1.11816,1.12163,1.1211547857142856,1.1225139000000002,tp,34.699999999998624,1042.100000000005,True
2025-05-19 23:30:00,2025-05-20 04:00:00,short,1.12403,1.12286,1.1229447142857143,1.1214908000000003,be_trail,11.700000000001154,1053.800000000006,True
2025-05-20 09:30:00,2025-05-20 10:00:00,short,1.12539,1.1258,1.12657565,1.1218330499999998,be_trail,-4.100000000000215,1049.700000000006,False
2025-05-20 11:15:00,2025-05-20 16:45:00,short,1.12639,1.12351,1.1243865714285712,1.1217842499999997,be_trail,28.799999999999937,1078.5000000000057,True
2025-05-20 17:45:00,2025-05-20 20:30:00,short,1.12578,1.1267099999999999,1.1268589285714286,1.1204739000000001,be_trail,-9.299999999998754,1069.200000000007,False
2025-05-20 21:45:00,2025-05-20 23:45:00,short,1.12744,1.12834,1.12860955,1.12393135,be_trail,-8.999999999999009,1060.200000000008,False
2025-05-21 22:15:00,2025-05-21 22:45:00,long,1.13378,1.13294,1.1321861,1.1385617000000001,be_trail,-8.399999999999519,1051.8000000000086,False
2025-05-21 23:30:00,2025-05-22 01:15:00,long,1.13285,1.13221,1.1318972142857144,1.1374557499999995,be_trail,-6.399999999999739,1045.4000000000087,False
2025-05-22 02:15:00,2025-05-22 03:30:00,long,1.13198,1.13355,1.133002785714286,1.1345778499999997,be_trail,15.700000000000713,1061.1000000000095,True
2025-05-22 03:30:00,2025-05-22 04:15:00,short,1.13355,1.13294,1.1340585714285711,1.1304933000000006,be_trail,6.099999999999994,1067.2000000000094,True
2025-05-22 06:00:00,2025-05-22 09:00:00,short,1.13389,1.13341,1.1341297857142856,1.1295085000000005,be_trail,4.8000000000003595,1072.0000000000098,True
2025-05-22 11:00:00,2025-05-22 11:45:00,long,1.13214,1.13125,1.13025975,1.1377807499999997,be_trail,-8.899999999998354,1063.1000000000115,False
2025-05-22 12:45:00,2025-05-22 15:30:00,long,1.13029,1.13105,1.129629357142857,1.13699335,be_trail,7.600000000000939,1070.7000000000123,True
2025-05-23 02:30:00,2025-05-23 03:15:00,short,1.1284,1.12873,1.1288695,1.1268992500000001,be_trail,-3.2999999999994145,1067.400000000013,False
2025-05-23 21:00:00,2025-05-26 01:00:00,short,1.13607,1.13689,1.137119357142857,1.13171265,be_trail,-8.20000000000043,1059.2000000000126,False
2025-05-26 02:45:00,2025-05-26 03:15:00,short,1.13735,1.1378,1.1385644,1.1337068000000006,be_trail,-4.499999999998394,1054.7000000000141,False
2025-05-27 02:00:00,2025-05-27 03:00:00,short,1.13904,1.13895,1.1394377857142857,1.13763585,be_trail,0.9000000000014552,1055.6000000000156,False
2025-05-27 17:00:00,2025-05-27 23:00:00,short,1.13584,1.13316,1.1338596428571428,1.1315585499999998,time,26.800000000000157,1082.4000000000158,True
2025-05-28 05:30:00,2025-05-28 05:45:00,long,1.1323699999999999,1.1311499999999999,1.130950325,1.1366290249999997,be_trail,-12.199999999999989,1070.2000000000157,False
2025-05-30 10:45:00,2025-05-30 11:45:00,long,1.13381,1.13416,1.13243,1.1379499999999998,be_trail,3.5000000000007248,1073.7000000000164,False
2025-05-30 12:15:00,2025-05-30 16:15:00,long,1.13309,1.13433,1.1337472857142858,1.1382857,be_trail,12.400000000001299,1086.1000000000179,True
2025-05-30 17:15:00,2025-05-30 23:15:00,long,1.13313,1.13525,1.1345578571428572,1.1397850500000004,time,21.200000000001218,1107.300000000019,True
2025-06-02 05:00:00,2025-06-02 08:15:00,short,1.13702,1.13703,1.1371866428571427,1.1332733,be_trail,-0.10000000000065512,1107.2000000000185,False
2025-06-02 22:15:00,2025-06-03 02:00:00,short,1.1437599999999999,1.14458,1.144882142857143,1.13998225,be_trail,-8.20000000000043,1099.000000000018,False
2025-06-03 04:45:00,2025-06-03 05:00:00,long,1.14354,1.1428,1.14261655,1.1463103499999998,be_trail,-7.399999999999629,1091.6000000000183,False
2025-06-03 10:15:00,2025-06-03 14:15:00,short,1.14266,1.1394499999999999,1.1404437142857142,1.1389236500000004,tp,32.10000000000157,1123.7000000000198,True
2025-06-04 05:00:00,2025-06-04 09:30:00,short,1.13858,1.13736,1.1376187857142857,1.1355647,be_trail,12.199999999999989,1135.9000000000199,True
2025-06-04 12:15:00,2025-06-04 15:15:00,short,1.13923,1.13816,1.1390295714285714,1.1353384,be_trail,10.699999999999044,1146.600000000019,True
2025-06-04 23:15:00,2025-06-05 02:30:00,long,1.14156,1.14268,1.1420826785714284,1.1439956999999998,be_trail,11.200000000000099,1157.800000000019,True
2025-06-05 02:45:00,2025-06-05 03:15:00,short,1.14207,1.14269,1.14276,1.1399999999999997,be_trail,-6.200000000000649,1151.6000000000183,False
2025-06-05 04:30:00,2025-06-05 10:00:00,short,1.14249,1.14094,1.1418209999999998,1.1395747500000002,be_trail,15.499999999999403,1167.1000000000179,True
2025-06-05 10:45:00,2025-06-05 13:00:00,short,1.14185,1.14194,1.1426022857142857,1.1383896500000004,be_trail,-0.8999999999992347,1166.2000000000185,False
2025-06-05 14:00:00,2025-06-05 15:15:00,short,1.14242,1.14252,1.1434960714285713,1.1390251999999996,be_trail,-0.9999999999998899,1165.2000000000187,False
2025-06-05 16:00:00,2025-06-05 16:15:00,short,1.14297,1.1461299999999999,1.14502275,1.13681175,be_trail,-31.599999999998296,1133.6000000000204,False
2025-06-06 01:00:00,2025-06-06 02:45:00,short,1.14445,1.1451099999999999,1.145411975,1.1415640749999998,be_trail,-6.599999999998829,1127.0000000000216,False
2025-06-06 03:30:00,2025-06-06 05:15:00,short,1.1452499999999999,1.14385,1.1445291428571427,1.14345255,tp,13.999999999998458,1141.00000000002,True
2025-06-06 09:00:00,2025-06-06 09:15:00,long,1.14365,1.14339,1.14300945,1.14557165,be_trail,-2.60000000000149,1138.4000000000185,False
2025-06-06 09:45:00,2025-06-06 10:00:00,long,1.1434,1.14356,1.1425996,1.1458011999999997,be_trail,1.5999999999993797,1140.000000000018,False
2025-06-06 10:45:00,2025-06-06 11:45:00,long,1.14295,1.14245,1.14192995,1.1460101499999997,be_trail,-4.999999999999449,1135.0000000000184,False
2025-06-06 12:45:00,2025-06-06 15:00:00,long,1.14207,1.1418,1.1415375,1.1455027500000001,be_trail,-2.6999999999999247,1132.3000000000184,False
2025-06-09 02:45:00,2025-06-09 04:00:00,short,1.14047,1.1394799999999998,1.1403407857142855,1.1384900000000004,be_trail,9.900000000002684,1142.2000000000212,True
2025-06-09 10:15:00,2025-06-09 11:30:00,short,1.14221,1.14288,1.14303915,1.1397225500000001,be_trail,-6.699999999999484,1135.5000000000216,False
2025-06-09 12:00:00,2025-06-09 16:00:00,short,1.14285,1.14011,1.1411729285714285,1.1392827,tp,27.399999999999647,1162.9000000000212,True
2025-06-09 19:15:00,2025-06-09 21:15:00,short,1.14161,1.14244,1.14285085,1.1378874499999998,be_trail,-8.299999999998864,1154.6000000000224,False
2025-06-10 00:00:00,2025-06-10 03:00:00,long,1.14235,1.14265,1.1426827142857143,1.1443579,be_trail,2.9999999999996696,1157.6000000000222,False
2025-06-10 09:30:00,2025-06-10 10:00:00,short,1.14073,1.13951,1.1396412142857142,1.1372420500000002,be_trail,12.199999999999989,1169.800000000022,True
2025-06-10 10:30:00,2025-06-10 16:00:00,long,1.1392099999999998,1.14322,1.1425192857142858,1.1443399999999995,tp,40.10000000000069,1209.9000000000228,True
2025-06-10 23:00:00,2025-06-11 02:00:00,short,1.1426,1.14295,1.1434094999999997,1.13924,be_trail,-3.4999999999985043,1206.4000000000242,False
2025-06-11 02:30:00,2025-06-11 02:45:00,short,1.14313,1.1438899999999999,1.143906825,1.140799525,be_trail,-7.599999999998719,1198.8000000000256,False
2025-06-11 05:45:00,2025-06-11 09:00:00,long,1.14175,1.14223,1.1414908571428573,1.1452551999999996,be_trail,4.8000000000003595,1203.6000000000258,True
2025-06-11 10:30:00,2025-06-11 12:30:00,long,1.14132,1.1441,1.1423764285714284,1.14443535,tp,27.800000000000047,1231.400000000026,True
2025-06-12 10:30:00,2025-06-12 10:45:00,long,1.15144,1.15089,1.1509671428571429,1.15523845,be_trail,-5.5000000000005045,1225.9000000000256,False
2025-06-13 14:45:00,2025-06-13 18:30:00,long,1.15085,1.15637,1.1541135714285713,1.1568461000000003,tp,55.19999999999969,1281.1000000000251,True
2025-06-16 01:30:00,2025-06-16 06:15:00,long,1.1533799999999998,1.15293,1.1524726071428573,1.1576286749999993,be_trail,-4.499999999998394,1276.6000000000267,False
2025-06-16 15:45:00,2025-06-16 17:00:00,long,1.15743,1.16015,1.1590002857142856,1.1612836500000001,tp,27.200000000000557,1303.8000000000272,True
2025-06-16 17:45:00,2025-06-17 00:00:00,short,1.15956,1.1568800000000001,1.1569986785714284,1.15417455,be_trail,26.799999999997937,1330.6000000000254,True
2025-06-17 11:00:00,2025-06-17 14:45:00,long,1.1558599999999999,1.15659,1.1559181428571428,1.1597239999999998,be_trail,7.300000000001194,1337.9000000000265,True
2025-06-17 14:45:00,2025-06-17 15:30:00,short,1.15659,1.1569,1.1577020500000001,1.1532538499999996,be_trail,-3.1000000000003247,1334.800000000026,False
2025-06-17 18:45:00,2025-06-17 19:45:00,long,1.15333,1.15208,1.151288,1.1599678,be_trail,-12.499999999999734,1322.3000000000266,False
2025-06-18 08:15:00,2025-06-18 09:00:00,short,1.15016,1.15051,1.15085805,1.14806585,be_trail,-3.4999999999985043,1318.800000000028,False
2025-06-18 09:00:00,2025-06-18 09:15:00,short,1.15045,1.15088,1.15120785,1.1481764499999998,be_trail,-4.299999999999304,1314.5000000000286,False
2025-06-18 14:15:00,2025-06-18 16:15:00,long,1.15001,1.15054,1.1498125714285714,1.1537221999999998,be_trail,5.299999999999194,1319.800000000028,True
2025-06-18 19:00:00,2025-06-18 21:00:00,short,1.15206,1.14991,1.1512913571428571,1.1460328499999999,be_trail,21.500000000000963,1341.3000000000288,True
2025-06-19 15:00:00,2025-06-19 20:30:00,short,1.14811,1.14634,1.1472369285714286,1.1443702,be_trail,17.700000000000493,1359.0000000000293,True
2025-06-20 13:30:00,2025-06-20 17:45:00,short,1.15261,1.15004,1.151826,1.1493118,be_trail,25.699999999999612,1384.700000000029,True
2025-06-20 20:45:00,2025-06-23 00:00:00,short,1.15344,1.14591,1.149234357142857,1.14905505,tp,75.30000000000037,1460.000000000029,True
2025-06-23 00:00:00,2025-06-23 02:30:00,long,1.14591,1.14985,1.147925642857143,1.15059855,tp,39.400000000000546,1499.4000000000296,True
2025-06-23 09:15:00,2025-06-23 12:00:00,short,1.15075,1.14825,1.1488621428571428,1.1464299999999996,tp,24.999999999999467,1524.4000000000292,True
2025-06-24 12:00:00,2025-06-24 16:00:00,long,1.15932,1.16008,1.1593693571428572,1.1653023000000002,be_trail,7.600000000000939,1532.00000000003,True
2025-06-24 17:00:00,2025-06-24 17:15:00,long,1.15927,1.16071,1.1610969999999998,1.1638861,be_trail,14.399999999998858,1546.400000000029,False
2025-06-24 18:00:00,2025-06-25 00:00:00,short,1.16168,1.16165,1.1618944285714286,1.1552905999999998,time,0.2999999999997449,1546.7000000000287,False
2025-06-25 00:15:00,2025-06-25 06:15:00,long,1.16126,1.16195,1.1617672142857143,1.1637233,time,6.900000000000794,1553.6000000000295,True
2025-06-25 13:00:00,2025-06-25 15:15:00,long,1.16015,1.16016,1.1596464285714283,1.1642279000000002,be_trail,0.10000000000065512,1553.7000000000303,False
2025-06-25 16:15:00,2025-06-25 19:00:00,long,1.1598,1.16197,1.1613451428571429,1.1632638,tp,21.700000000000053,1575.40000000003,True
2025-06-26 09:30:00,2025-06-26 11:00:00,long,1.16784,1.17104,1.171148642857143,1.1714832000000002,be_trail,32.00000000000092,1607.400000000031,False
2025-06-26 15:30:00,2025-06-26 18:00:00,long,1.17093,1.17085,1.169583357142857,1.1761498499999998,be_trail,-0.8000000000008001,1606.6000000000304,False
2025-06-27 05:30:00,2025-06-27 09:15:00,short,1.16986,1.16898,1.1699276428571428,1.1662754500000003,be_trail,8.799999999999919,1615.4000000000303,True
2025-06-27 10:30:00,2025-06-27 11:15:00,short,1.17124,1.17222,1.17268,1.1669200000000004,be_trail,-9.799999999999809,1605.6000000000304,False
2025-06-27 16:30:00,2025-06-27 22:30:00,short,1.1724,1.1707299999999998,1.1712492857142855,1.166328,time,16.700000000002824,1622.3000000000334,True
2025-06-30 02:30:00,2025-06-30 04:30:00,short,1.17329,1.1728399999999999,1.1730235714285715,1.1703195499999999,be_trail,4.500000000000615,1626.8000000000338,True
2025-06-30 07:15:00,2025-06-30 08:45:00,long,1.17158,1.17327,1.1724295714285713,1.1750024,be_trail,16.899999999999693,1643.7000000000335,True
2025-06-30 08:45:00,2025-06-30 09:30:00,short,1.17327,1.1729699999999998,1.1740112857142857,1.1701339499999999,be_trail,3.00000000000189,1646.7000000000353,False
2025-06-30 10:15:00,2025-06-30 16:15:00,short,1.17383,1.17183,1.1726997142857143,1.1694071000000001,time,20.000000000000018,1666.7000000000353,True
2025-06-30 16:15:00,2025-06-30 17:45:00,long,1.17183,1.17472,1.1730637857142856,1.1749936499999996,be_trail,28.900000000000592,1695.6000000000358,True
2025-07-01 09:30:00,2025-07-01 10:00:00,long,1.17827,1.17795,1.17734195,1.1810541499999998,be_trail,-3.1999999999987594,1692.4000000000372,False
2025-07-01 10:15:00,2025-07-01 16:15:00,long,1.17848,1.18011,1.1799209285714285,1.1837299999999997,time,16.300000000000203,1708.7000000000373,True
2025-07-01 22:30:00,2025-07-01 23:00:00,short,1.17841,1.17917,1.1794335,1.1753394999999998,be_trail,-7.600000000000939,1701.1000000000363,False
2025-07-02 04:15:00,2025-07-02 04:45:00,short,1.18067,1.18096,1.1804202142857143,1.1786345,be_trail,-2.8999999999990145,1698.2000000000373,False
2025-07-02 05:30:00,2025-07-02 08:00:00,long,1.17988,1.17963,1.1791110714285715,1.1825434000000004,be_trail,-2.500000000000835,1695.7000000000367,False
2025-07-02 09:15:00,2025-07-02 09:30:00,long,1.17922,1.17863,1.1784414499999998,1.1815556500000004,be_trail,-5.899999999998684,1689.800000000038,False
2025-07-03 05:45:00,2025-07-03 06:30:00,long,1.17993,1.17949,1.17919515,1.1821345499999998,be_trail,-4.3999999999999595,1685.4000000000378,False
2025-07-03 10:15:00,2025-07-03 10:30:00,short,1.17982,1.18081,1.1806825,1.1772325000000001,be_trail,-9.899999999998244,1675.5000000000396,False
2025-07-03 11:00:00,2025-07-03 15:30:00,short,1.18014,1.17891,1.1756559285714285,1.1772006000000004,be_trail,12.300000000000644,1687.8000000000402,False
2025-07-03 15:30:00,2025-07-03 15:45:00,long,1.17891,1.1735,1.17714245,1.1842126499999994,be_trail,-54.09999999999915,1633.7000000000412,False
2025-07-04 11:45:00,2025-07-04 14:45:00,long,1.17759,1.17737,1.1769375000000002,1.1809399499999997,be_trail,-2.1999999999988695,1631.5000000000423,False
2025-07-07 03:30:00,2025-07-07 09:30:00,short,1.17828,1.1762,1.1763999285714284,1.17585,time,20.800000000000818,1652.300000000043,True
2025-07-07 18:00:00,2025-07-07 19:45:00,short,1.1739,1.17102,1.1715045,1.17023955,tp,28.799999999999937,1681.100000000043,True
2025-07-08 09:15:00,2025-07-08 10:00:00,long,1.174,1.1742,1.1742404999999998,1.17654955,be_trail,1.9999999999997797,1683.1000000000427,False
2025-07-09 04:30:00,2025-07-09 05:30:00,long,1.17219,1.17195,1.1714775750000002,1.1743272749999998,be_trail,-2.4000000000001798,1680.7000000000426,False
2025-07-09 10:15:00,2025-07-09 14:45:00,short,1.1722,1.17054,1.1705751428571427,1.1693209749999998,be_trail,16.599999999999948,1697.3000000000425,True
2025-07-09 15:15:00,2025-07-09 21:00:00,long,1.1702299999999999,1.17097,1.1706507142857143,1.17407675,be_trail,7.4000000000018495,1704.7000000000444,True
2025-07-09 23:00:00,2025-07-10 00:45:00,short,1.17191,1.1723000000000001,1.172526357142857,1.1693569999999995,be_trail,-3.900000000001125,1700.8000000000432,False
2025-07-10 07:45:00,2025-07-10 09:30:00,long,1.17359,1.174,1.1732757857142857,1.1753391499999997,be_trail,4.100000000000215,1704.9000000000433,True
2025-07-10 10:00:00,2025-07-10 14:00:00,long,1.17335,1.17285,1.1725841,1.1756476999999999,be_trail,-4.999999999999449,1699.900000000044,False
2025-07-11 11:00:00,2025-07-11 13:00:00,short,1.1689,1.16957,1.1696864999999999,1.1654396500000004,be_trail,-6.699999999999484,1693.2000000000444,False
2025-07-11 13:15:00,2025-07-11 15:30:00,short,1.16943,1.1689699999999998,1.1699892142857142,1.1659385999999998,be_trail,4.60000000000127,1697.8000000000457,False
2025-07-11 19:00:00,2025-07-11 23:45:00,short,1.16964,1.1687699999999999,1.1691218571428572,1.1649859500000002,be_trail,8.700000000001484,1706.5000000000473,True
2025-07-11 23:45:00,2025-07-14 00:00:00,long,1.1687699999999999,1.16704,1.1679,1.1713799999999996,be_trail,-17.299999999997873,1689.2000000000494,False
2025-07-14 01:15:00,2025-07-14 05:15:00,long,1.16713,1.1689,1.1682046428571429,1.1711941000000001,be_trail,17.700000000000493,1706.9000000000499,True
2025-07-14 09:45:00,2025-07-14 13:00:00,long,1.16648,1.16913,1.1681454999999998,1.1695332499999997,tp,26.500000000000412,1733.4000000000503,True
2025-07-15 02:45:00,2025-07-15 03:00:00,long,1.1664999999999999,1.16655,1.1665938571428571,1.1678489499999998,be_trail,0.5000000000010552,1733.9000000000515,False
2025-07-15 04:00:00,2025-07-15 06:00:00,short,1.1672500000000001,1.16754,1.1677232142857144,1.16541805,be_trail,-2.8999999999990145,1731.0000000000523,False
2025-07-15 07:30:00,2025-07-15 08:15:00,short,1.1676199999999999,1.16815,1.1682525,1.1657224999999998,be_trail,-5.300000000001415,1725.7000000000507,False
2025-07-15 09:30:00,2025-07-15 10:15:00,short,1.16817,1.1676,1.1684164999999997,1.1660700000000002,be_trail,5.699999999999594,1731.4000000000506,True
2025-07-15 15:45:00,2025-07-15 16:30:00,long,1.1670399999999999,1.1667399999999999,1.1657267,1.1709798999999994,be_trail,-2.9999999999996696,1728.4000000000508,False
2025-07-16 02:15:00,2025-07-16 02:30:00,short,1.16039,1.1605699999999999,1.160786175,1.1592014750000004,be_trail,-1.7999999999984695,1726.6000000000522,False
2025-07-16 04:00:00,2025-07-16 04:15:00,short,1.16079,1.16125,1.16141,1.1589299999999998,be_trail,-4.599999999999049,1722.0000000000532,False
2025-07-16 05:15:00,2025-07-16 07:45:00,short,1.16113,1.16146,1.161796425,1.1591307250000003,be_trail,-3.2999999999994145,1718.700000000054,False
2025-07-16 10:15:00,2025-07-16 11:45:00,short,1.16246,1.16248,1.162591857142857,1.1603313499999999,be_trail,-0.1999999999990898,1718.5000000000548,False
2025-07-16 13:45:00,2025-07-16 14:45:00,long,1.16169,1.16106,1.1608090999999998,1.1643327,be_trail,-6.299999999999084,1712.2000000000558,False
2025-07-16 15:45:00,2025-07-16 16:00:00,long,1.1611099999999999,1.15987,1.15944,1.1661199999999994,be_trail,-12.399999999999078,1699.8000000000566,False
2025-07-17 04:45:00,2025-07-17 08:45:00,long,1.1622999999999999,1.16232,1.1617423214285714,1.1651199999999997,be_trail,0.20000000000131024,1700.000000000058,False
2025-07-17 19:00:00,2025-07-17 22:15:00,short,1.15966,1.15926,1.1597125000000001,1.15511635,be_trail,3.9999999999995595,1704.0000000000575,True
2025-07-21 01:15:00,2025-07-21 03:00:00,short,1.16308,1.16304,1.1635330357142855,1.160742625,be_trail,0.3999999999981796,1704.4000000000556,False
2025-07-21 04:15:00,2025-07-21 05:00:00,long,1.1625299999999998,1.16174,1.1615277749999997,1.1655366750000002,be_trail,-7.899999999998464,1696.5000000000573,False
2025-07-21 05:15:00,2025-07-21 11:15:00,long,1.16218,1.16392,1.1634012857142857,1.1650504,time,17.400000000000748,1713.9000000000578,True
2025-07-21 12:00:00,2025-07-21 14:00:00,short,1.16425,1.16462,1.1651412142857143,1.1609690499999998,be_trail,-3.6999999999998145,1710.200000000058,False
2025-07-22 03:30:00,2025-07-22 04:30:00,long,1.16895,1.16867,1.16837,1.17069,be_trail,-2.7999999999983594,1707.4000000000597,False
2025-07-22 05:00:00,2025-07-22 08:45:00,long,1.16889,1.16868,1.168428214285714,1.17126705,be_trail,-2.100000000000435,1705.3000000000593,False
2025-07-22 16:30:00,2025-07-22 18:00:00,long,1.16893,1.17224,1.1709766428571429,1.1729872000000001,tp,33.09999999999924,1738.4000000000585,True
2025-07-23 03:30:00,2025-07-23 04:30:00,long,1.17436,1.17393,1.17368925,1.1771500000000004,be_trail,-4.300000000001525,1734.100000000057,False
2025-07-23 05:00:00,2025-07-23 07:15:00,long,1.17378,1.1737,1.1732287142857143,1.1772231,be_trail,-0.8000000000008001,1733.3000000000561,False
2025-07-23 10:30:00,2025-07-23 16:30:00,short,1.17445,1.1723,1.1731319285714286,1.1712001000000003,time,21.500000000000963,1754.800000000057,True
2025-07-23 18:30:00,2025-07-23 18:45:00,short,1.17338,1.17257,1.17494055,1.16869835,be_trail,8.100000000001994,1762.9000000000592,False
2025-07-24 02:45:00,2025-07-24 04:00:00,short,1.1776200000000001,1.1767699999999999,1.1772094642857143,1.1759019000000002,be_trail,8.500000000002395,1771.4000000000615,True
2025-07-24 10:15:00,2025-07-24 12:00:00,long,1.1769399999999999,1.17582,1.1755200000000001,1.1811999999999991,be_trail,-11.199999999997878,1760.2000000000635,False
2025-07-25 04:00:00,2025-07-25 08:45:00,short,1.17546,1.17455,1.1748738571428572,1.1730726000000002,be_trail,9.099999999999664,1769.3000000000634,True
2025-07-25 10:00:00,2025-07-25 10:15:00,short,1.17481,1.17563,1.17594,1.1714199999999997,be_trail,-8.20000000000043,1761.100000000063,False
2025-07-25 10:30:00,2025-07-25 14:15:00,short,1.17526,1.1722599999999999,1.172844357142857,1.1717030499999999,tp,30.000000000001137,1791.100000000064,True
2025-07-25 21:45:00,2025-07-28 00:00:00,short,1.17392,1.17576,1.1748126428571428,1.1711565500000003,be_trail,-18.399999999998418,1772.7000000000658,False
2025-07-28 05:30:00,2025-07-28 08:00:00,long,1.1751399999999999,1.17474,1.1744735000000002,1.178512375,be_trail,-3.9999999999995595,1768.7000000000662,False
2025-07-28 08:00:00,2025-07-28 09:00:00,long,1.1747999999999998,1.17407,1.17398235,1.1772529499999995,be_trail,-7.299999999998974,1761.4000000000672,False
2025-08-01 00:00:00,2025-08-01 02:15:00,long,1.1417,1.14182,1.1411899642857142,1.14496025,be_trail,1.2000000000012,1762.6000000000683,False
2025-08-01 04:00:00,2025-08-01 06:00:00,short,1.1424400000000001,1.14119,1.1422679285714286,1.1393850250000002,be_trail,12.500000000001954,1775.1000000000704,True
2025-08-01 06:00:00,2025-08-01 10:15:00,long,1.14119,1.14249,1.1422445714285712,1.1449125500000001,be_trail,13.000000000000789,1788.100000000071,True
2025-08-04 16:00:00,2025-08-04 22:00:00,short,1.15754,1.1566,1.1581517142857143,1.1521028000000002,time,9.399999999999409,1797.5000000000705,True
2025-08-06 05:30:00,2025-08-06 08:30:00,long,1.157,1.15779,1.1575292142857143,1.1591424500000003,be_trail,7.900000000000684,1805.400000000071,True
2025-08-06 10:45:00,2025-08-06 11:30:00,long,1.15774,1.15731,1.1571495714285713,1.1603102500000002,be_trail,-4.299999999999304,1801.1000000000718,False
2025-08-08 12:45:00,2025-08-08 18:45:00,long,1.16383,1.16609,1.164832642857143,1.1674663,time,22.600000000001508,1823.7000000000735,True
2025-08-12 05:00:00,2025-08-12 07:45:00,short,1.16193,1.1623299999999999,1.1626499,1.1597703,be_trail,-3.9999999999995595,1819.700000000074,False
2025-08-12 09:45:00,2025-08-12 12:15:00,long,1.16169,1.16141,1.1608427857142858,1.1644258500000002,be_trail,-2.7999999999983594,1816.9000000000756,False
2025-08-12 15:00:00,2025-08-12 15:30:00,long,1.16059,1.16055,1.163090142857143,1.1634431499999995,be_trail,-0.40000000000040004,1816.500000000075,False
2025-08-13 03:00:00,2025-08-13 03:45:00,short,1.16777,1.16759,1.1679409285714284,1.1660139500000002,be_trail,1.80000000000069,1818.3000000000757,True
2025-08-13 06:30:00,2025-08-13 09:00:00,short,1.1683,1.168,1.16873,1.1654468499999997,be_trail,2.9999999999996696,1821.3000000000752,False
2025-08-13 22:00:00,2025-08-14 04:00:00,long,1.17011,1.17114,1.1708167857142857,1.17276305,time,10.300000000000864,1831.6000000000763,True
2025-08-14 04:30:00,2025-08-14 05:15:00,short,1.17134,1.17125,1.1712412857142858,1.1698599500000002,be_trail,0.9000000000014552,1832.5000000000778,False
2025-08-14 06:45:00,2025-08-14 08:30:00,long,1.1704299999999999,1.16997,1.1697836999999998,1.1723689000000002,be_trail,-4.599999999999049,1827.9000000000788,False
2025-08-15 05:00:00,2025-08-15 06:15:00,short,1.16529,1.1659599999999999,1.1660329,1.1630612999999996,be_trail,-6.699999999999484,1821.2000000000792,False
2025-08-15 07:00:00,2025-08-15 08:45:00,short,1.16602,1.16637,1.1667905,1.1637085,be_trail,-3.4999999999985043,1817.7000000000808,False
2025-08-15 18:15:00,2025-08-18 00:00:00,short,1.17047,1.17157,1.170902857142857,1.1649810499999995,be_trail,-11.000000000001009,1806.7000000000796,False
2025-08-18 01:15:00,2025-08-18 04:45:00,short,1.17108,1.16964,1.1704664999999999,1.1692049249999994,be_trail,14.399999999998858,1821.1000000000786,True
2025-08-18 05:00:00,2025-08-18 09:15:00,long,1.1703999999999999,1.1702,1.1700606428571427,1.1728899999999995,be_trail,-1.9999999999997797,1819.1000000000786,False
2025-08-19 01:30:00,2025-08-19 04:15:00,short,1.16685,1.16581,1.1655589999999998,1.1651457,be_trail,10.399999999999299,1829.500000000078,False
2025-08-19 05:15:00,2025-08-19 08:45:00,long,1.16557,1.16637,1.1657514999999998,1.16852665,be_trail,7.999999999999119,1837.500000000077,True
2025-08-19 16:30:00,2025-08-19 18:30:00,long,1.1674499999999999,1.16702,1.1663398571428572,1.1708861999999998,be_trail,-4.299999999999304,1833.2000000000778,False
2025-08-19 19:45:00,2025-08-19 21:30:00,long,1.166,1.16503,1.1647982499999998,1.1696052500000003,be_trail,-9.699999999999154,1823.5000000000787,False
2025-08-20 10:45:00,2025-08-20 13:00:00,short,1.16403,1.16458,1.16511905,1.1607628499999998,be_trail,-5.5000000000005045,1818.0000000000782,False
2025-08-20 13:45:00,2025-08-20 15:15:00,short,1.16476,1.1651799999999999,1.1654995714285714,1.1614342,be_trail,-4.199999999998649,1813.8000000000795,False
2025-08-20 21:15:00,2025-08-21 00:15:00,short,1.16628,1.16583,1.1659839285714284,1.1627885999999998,be_trail,4.500000000000615,1818.3000000000802,True
2025-08-21 04:45:00,2025-08-21 09:00:00,long,1.16488,1.16496,1.1643094285714284,1.1671299999999993,be_trail,0.8000000000008001,1819.1000000000809,False
2025-08-21 10:15:00,2025-08-21 14:30:00,long,1.16366,1.165,1.1646219285714285,1.1671099999999999,be_trail,13.400000000001189,1832.500000000082,True
2025-08-21 15:45:00,2025-08-21 16:45:00,long,1.16442,1.16275,1.1634312142857144,1.1676974999999998,be_trail,-16.700000000000603,1815.8000000000816,False
2025-08-22 02:15:00,2025-08-22 02:45:00,short,1.16103,1.16142,1.161521625,1.159555125,be_trail,-3.8999999999989043,1811.9000000000824,False
2025-08-22 05:15:00,2025-08-22 06:15:00,long,1.16107,1.16059,1.1603547,1.1632159,be_trail,-4.8000000000003595,1807.1000000000822,False
2025-08-22 12:15:00,2025-08-22 14:30:00,short,1.15989,1.15978,1.160528,1.1569402500000001,be_trail,1.100000000000545,1808.2000000000826,False
2025-08-22 16:30:00,2025-08-22 17:00:00,short,1.161,1.16025,1.1613745,1.1579191500000001,be_trail,7.500000000000284,1815.700000000083,True
2025-08-25 11:15:00,2025-08-25 12:45:00,long,1.17038,1.16959,1.16930475,1.17360575,be_trail,-7.900000000000684,1807.8000000000825,False
2025-08-26 10:30:00,2025-08-26 16:00:00,long,1.16193,1.16463,1.1641637142857142,1.1670299999999993,be_trail,27.000000000001467,1834.8000000000839,True
2025-08-26 21:45:00,2025-08-26 23:00:00,long,1.16404,1.16405,1.1636819285714286,1.1669034999999999,be_trail,0.10000000000065512,1834.9000000000847,False
2025-08-27 03:15:00,2025-08-27 03:45:00,long,1.1641599999999999,1.16373,1.1636148999999998,1.1657953,be_trail,-4.299999999999304,1830.6000000000854,False
2025-08-27 04:15:00,2025-08-27 04:30:00,long,1.16383,1.16358,1.1632469499999998,1.1655791500000003,be_trail,-2.4999999999986144,1828.1000000000868,False
2025-08-27 06:00:00,2025-08-27 06:45:00,long,1.1632099999999999,1.1627399999999999,1.1624521499999998,1.16548355,be_trail,-4.699999999999704,1823.400000000087,False
2025-08-29 02:15:00,2025-08-29 03:15:00,long,1.16778,1.1679599999999999,1.1675772857142859,1.1692359,be_trail,1.7999999999984695,1825.2000000000853,False
2025-08-29 09:45:00,2025-08-29 10:00:00,short,1.16655,1.16679,1.16728255,1.1643523500000001,be_trail,-2.4000000000001798,1822.8000000000852,False
2025-08-29 12:00:00,2025-08-29 16:45:00,short,1.16759,1.1667399999999999,1.1668941428571429,1.1635604,be_trail,8.500000000000174,1831.3000000000854,True
2025-09-01 16:15:00,2025-09-01 18:00:00,long,1.17147,1.17109,1.17052,1.17432,be_trail,-3.8000000000004697,1827.500000000085,False
2025-09-01 19:30:00,2025-09-02 00:00:00,long,1.17034,1.17105,1.1709949642857143,1.17286195,be_trail,7.099999999999884,1834.600000000085,True
2025-09-02 05:00:00,2025-09-02 05:15:00,long,1.17045,1.16954,1.16967145,1.1727856499999998,be_trail,-9.099999999999664,1825.500000000085,False
2025-09-03 04:00:00,2025-09-03 04:15:00,long,1.16337,1.16308,1.1628157000000001,1.1650328999999997,be_trail,-2.900000000001235,1822.600000000084,False
2025-09-03 07:15:00,2025-09-03 10:00:00,long,1.16281,1.16332,1.1631133571428571,1.16491105,be_trail,5.1000000000001044,1827.700000000084,True
2025-09-03 10:00:00,2025-09-03 10:15:00,short,1.16332,1.16308,1.163010857142857,1.1610464499999997,be_trail,2.4000000000001798,1830.1000000000843,False
2025-09-03 10:45:00,2025-09-03 12:00:00,long,1.16236,1.16567,1.1638346428571429,1.1658583000000002,tp,33.09999999999924,1863.2000000000835,True
2025-09-03 18:00:00,2025-09-03 18:15:00,short,1.16637,1.16781,1.1682583,1.1607050999999997,be_trail,-14.400000000001079,1848.8000000000825,False
2025-09-03 18:45:00,2025-09-04 00:45:00,short,1.16745,1.1661599999999999,1.166914357142857,1.1617781999999999,time,12.900000000002354,1861.7000000000849,True
2025-09-04 04:00:00,2025-09-04 05:15:00,long,1.16595,1.16545,1.165375575,1.1676732749999998,be_trail,-4.999999999999449,1856.7000000000853,False
2025-09-04 06:30:00,2025-09-04 09:30:00,long,1.1655,1.16582,1.1651990714285714,1.16788395,be_trail,3.20000000000098,1859.9000000000863,True
2025-09-04 18:15:00,2025-09-05 00:15:00,long,1.16366,1.16488,1.164439142857143,1.1692076000000002,time,12.199999999999989,1872.1000000000863,True
2025-09-05 11:45:00,2025-09-05 12:00:00,short,1.16777,1.16841,1.1687107,1.1649478999999996,be_trail,-6.399999999999739,1865.7000000000867,False
2025-09-05 12:45:00,2025-09-05 13:15:00,short,1.1685,1.16892,1.1694234500000003,1.1657296499999996,be_trail,-4.199999999998649,1861.5000000000878,False
2025-09-08 08:45:00,2025-09-08 09:00:00,short,1.17158,1.17161,1.1722044500000002,1.1697066499999997,be_trail,-0.2999999999997449,1861.200000000088,False
2025-09-08 09:30:00,2025-09-08 09:45:00,short,1.1717,1.17184,1.1725211,1.1692367,be_trail,-1.40000000000029,1859.800000000088,False
2025-09-08 11:30:00,2025-09-08 15:45:00,short,1.17291,1.1735499999999999,1.1736700714285713,1.1691909,be_trail,-6.399999999999739,1853.400000000088,False
2025-09-08 17:15:00,2025-09-08 21:15:00,short,1.17456,1.17482,1.1751125,1.1707684500000002,be_trail,-2.5999999999992696,1850.8000000000889,False
2025-09-09 07:15:00,2025-09-09 09:15:00,long,1.17678,1.17742,1.177139,1.17874995,be_trail,6.399999999999739,1857.2000000000885,True
2025-09-09 09:15:00,2025-09-09 10:45:00,short,1.17742,1.17546,1.1766311428571428,1.1752844499999997,tp,19.599999999999618,1876.8000000000882,True
2025-09-09 11:30:00,2025-09-09 14:00:00,long,1.17567,1.17542,1.1751794285714285,1.1797134,be_trail,-2.500000000000835,1874.3000000000875,False
2025-09-09 19:15:00,2025-09-09 20:45:00,long,1.1725999999999999,1.17149,1.1708796,1.1777611999999997,be_trail,-11.099999999999444,1863.200000000088,False
2025-09-10 10:30:00,2025-09-10 11:15:00,long,1.1704599999999998,1.17019,1.16922145,1.1741756499999993,be_trail,-2.6999999999977042,1860.5000000000903,False
2025-09-10 12:00:00,2025-09-10 15:00:00,long,1.1700599999999999,1.17048,1.1695119285714286,1.1747037,be_trail,4.20000000000087,1864.7000000000912,False
2025-09-10 23:00:00,2025-09-11 03:15:00,long,1.1700899999999999,1.17004,1.1699065,1.1724739499999999,be_trail,-0.4999999999988347,1864.2000000000921,False
2025-09-11 04:15:00,2025-09-11 08:45:00,long,1.16971,1.16959,1.1693626428571429,1.1713453000000003,be_trail,-1.2000000000012,1863.000000000091,False
2025-09-11 09:30:00,2025-09-11 12:30:00,long,1.16943,1.16878,1.16839,1.1725499999999998,be_trail,-6.500000000000394,1856.5000000000907,False
2025-09-12 04:00:00,2025-09-12 04:15:00,long,1.17337,1.17269,1.1727996,1.1750812,be_trail,-6.800000000000139,1849.7000000000905,False
2025-09-12 05:15:00,2025-09-12 06:00:00,long,1.1729,1.17269,1.1722928000000001,1.1747215999999998,be_trail,-2.100000000000435,1847.60000000009,False
2025-09-12 07:30:00,2025-09-12 09:00:00,long,1.17245,1.17313,1.17265725,1.1740145749999997,be_trail,6.800000000000139,1854.4000000000901,True
2025-09-12 09:15:00,2025-09-12 09:45:00,short,1.17279,1.17322,1.17342825,1.1708752500000001,be_trail,-4.299999999999304,1850.1000000000909,False
2025-09-12 10:45:00,2025-09-12 13:30:00,short,1.17384,1.17307,1.1731906428571428,1.1710938,be_trail,7.699999999999374,1857.8000000000902,True
2025-09-12 16:00:00,2025-09-12 22:00:00,long,1.17131,1.17414,1.1730958571428571,1.1747772499999998,time,28.29999999999888,1886.1000000000893,True
2025-09-12 22:15:00,2025-09-15 04:15:00,short,1.1738,1.17262,1.1729288214285714,1.1713574,time,11.799999999999589,1897.9000000000888,True
2025-09-15 07:45:00,2025-09-15 09:15:00,short,1.17322,1.17272,1.1725897142857142,1.17173305,be_trail,4.999999999999449,1902.9000000000883,False
2025-09-15 10:00:00,2025-09-15 12:15:00,long,1.17258,1.174,1.173362357142857,1.1746293,tp,14.199999999999768,1917.1000000000881,True
2025-09-16 04:00:00,2025-09-16 06:15:00,long,1.17628,1.17756,1.1768475714285715,1.1778699999999998,tp,12.799999999999478,1929.9000000000876,True
2025-09-17 08:30:00,2025-09-17 09:00:00,short,1.18567,1.18594,1.1859800714285715,1.1842072,be_trail,-2.6999999999999247,1927.2000000000876,False
2025-09-17 11:30:00,2025-09-17 13:00:00,long,1.18458,1.18458,1.183729357142857,1.18727445,be_trail,0.0,1927.2000000000876,False
2025-09-17 17:45:00,2025-09-17 21:00:00,short,1.18505,1.18549,1.1857115714285715,1.181876,be_trail,-4.3999999999999595,1922.8000000000877,False
2025-09-18 15:00:00,2025-09-18 15:30:00,long,1.18261,1.1819600000000001,1.18123805,1.18672585,be_trail,-6.499999999998174,1916.3000000000895,False
2025-09-19 05:30:00,2025-09-19 07:15:00,long,1.1776,1.1787,1.1779152142857143,1.1802358000000002,be_trail,11.000000000001009,1927.3000000000907,True
2025-09-19 23:30:00,2025-09-22 01:45:00,long,1.17449,1.17401,1.1739220357142857,1.17628745,be_trail,-4.8000000000003595,1922.50000000009,False
2025-09-22 02:45:00,2025-09-22 03:00:00,long,1.17404,1.17364,1.173416125,1.1759116250000001,be_trail,-3.9999999999995595,1918.5000000000905,False
2025-09-22 03:30:00,2025-09-22 03:45:00,long,1.17381,1.17331,1.17318785,1.1756764500000003,be_trail,-4.999999999999449,1913.5000000000912,False
2025-09-22 04:00:00,2025-09-22 05:30:00,long,1.17353,1.17289,1.1727821071428572,1.1762299999999997,be_trail,-6.399999999999739,1907.1000000000913,False
2025-09-22 05:45:00,2025-09-22 10:15:00,long,1.17325,1.174,1.1743098571428572,1.1758323249999993,be_trail,7.500000000000284,1914.6000000000918,False
2025-09-22 10:15:00,2025-09-22 10:30:00,short,1.174,1.1754799999999999,1.1749406999999998,1.1711779000000002,be_trail,-14.799999999999258,1899.8000000000925,False
2025-09-22 20:00:00,2025-09-22 21:00:00,short,1.17882,1.17973,1.17995505,1.17541485,be_trail,-9.099999999999664,1890.7000000000928,False
2025-09-23 09:45:00,2025-09-23 10:00:00,long,1.17984,1.17948,1.1790177499999999,1.1823067500000004,be_trail,-3.5999999999991594,1887.1000000000936,False
2025-09-23 12:45:00,2025-09-23 16:00:00,short,1.18032,1.1797499999999999,1.1803364285714284,1.17604545,be_trail,5.700000000001815,1892.8000000000957,True
2025-09-23 21:30:00,2025-09-24 03:00:00,short,1.18128,1.18161,1.1815285,1.1777748,be_trail,-3.2999999999994145,1889.5000000000962,False
2025-09-25 04:15:00,2025-09-25 05:30:00,short,1.17452,1.17481,1.175013964285714,1.1729312750000005,be_trail,-2.8999999999990145,1886.6000000000972,False
2025-09-25 06:15:00,2025-09-25 09:15:00,short,1.17488,1.17431,1.1749251428571428,1.1729204000000002,be_trail,5.699999999999594,1892.3000000000966,True
2025-09-25 09:30:00,2025-09-25 10:30:00,long,1.1747699999999999,1.17427,1.17409955,1.1767813499999995,be_trail,-4.999999999999449,1887.3000000000973,False
2025-09-25 11:15:00,2025-09-25 14:30:00,long,1.17395,1.17421,1.1738296428571429,1.17702395,be_trail,2.5999999999992696,1889.9000000000965,True
2025-09-26 12:00:00,2025-09-26 14:45:00,short,1.16806,1.16702,1.1675647857142857,1.1649929500000002,be_trail,10.40000000000152,1900.300000000098,True
2025-09-26 14:45:00,2025-09-26 17:30:00,long,1.16702,1.16891,1.1683940714285717,1.1700387500000002,tp,18.899999999999473,1919.2000000000976,True
2025-09-26 17:30:00,2025-09-26 17:45:00,short,1.16891,1.17036,1.1705165499999999,1.16409035,be_trail,-14.500000000001734,1904.7000000000958,False
2025-09-26 18:00:00,2025-09-29 00:00:00,short,1.16913,1.1707400000000001,1.1708426428571428,1.163955,time,-16.100000000001113,1888.6000000000947,False
2025-09-29 14:45:00,2025-09-29 15:30:00,long,1.17161,1.17215,1.1720199285714286,1.1747322500000001,be_trail,5.399999999999849,1894.0000000000946,True
2025-09-30 04:15:00,2025-09-30 04:45:00,long,1.17248,1.1721,1.1718773999999998,1.1742878000000003,be_trail,-3.8000000000004697,1890.200000000094,False
2025-09-30 05:15:00,2025-09-30 09:30:00,long,1.1719899999999999,1.17384,1.1734255,1.17438085,tp,18.500000000001293,1908.7000000000953,True
2025-09-30 12:15:00,2025-09-30 16:45:00,short,1.17493,1.1732399999999998,1.1736470714285714,1.1715559000000004,be_trail,16.900000000001913,1925.6000000000972,True
2025-09-30 16:45:00,2025-09-30 17:00:00,long,1.1732399999999998,1.17306,1.1728432857142856,1.1771799,be_trail,-1.7999999999984695,1923.8000000000989,False
2025-10-01 02:30:00,2025-10-01 04:30:00,short,1.17398,1.17387,1.174017607142857,1.1722135999999999,be_trail,1.100000000000545,1924.9000000000992,True
2025-10-01 05:00:00,2025-10-01 07:15:00,short,1.17393,1.1742299999999999,1.1743725357142858,1.1715822749999996,be_trail,-2.9999999999996696,1921.9000000000997,False
2025-10-01 19:30:00,2025-10-02 01:30:00,long,1.17235,1.1734,1.172835,1.17846685,time,10.499999999999954,1932.4000000000997,True
2025-10-02 05:30:00,2025-10-02 08:00:00,short,1.17389,1.1735099999999998,1.173775357142857,1.1716750999999999,be_trail,3.80000000000269,1936.2000000001024,True
2025-10-02 09:30:00,2025-10-02 10:00:00,short,1.17394,1.17436,1.17466335,1.1717699499999996,be_trail,-4.20000000000087,1932.0000000001014,False
2025-10-02 16:30:00,2025-10-02 16:45:00,long,1.17415,1.1726,1.1728493500000001,1.1780519499999997,be_trail,-15.499999999999403,1916.500000000102,False
2025-10-03 05:15:00,2025-10-03 09:00:00,short,1.17245,1.17178,1.1724693571428573,1.1702868499999997,be_trail,6.699999999999484,1923.2000000001017,True
2025-10-03 12:15:00,2025-10-03 16:45:00,short,1.17344,1.1743999999999999,1.17446465,1.1703660500000002,be_trail,-9.599999999998499,1913.6000000001031,False
2025-10-06 01:00:00,2025-10-06 01:15:00,long,1.17273,1.17181,1.1718491,1.1753727000000003,be_trail,-9.200000000000319,1904.4000000001029,False
2025-10-07 02:30:00,2025-10-07 03:30:00,long,1.17099,1.17096,1.170451225,1.1726063249999996,be_trail,-0.2999999999997449,1904.1000000001031,False
2025-10-07 05:15:00,2025-10-07 07:45:00,long,1.17037,1.16991,1.1698127857142857,1.1726504499999995,be_trail,-4.599999999999049,1899.5000000001041,False
2025-10-08 14:15:00,2025-10-08 16:15:00,short,1.16318,1.16376,1.1641077142857141,1.1593849999999999,be_trail,-5.799999999998029,1893.700000000106,False
2025-10-09 04:45:00,2025-10-09 05:45:00,short,1.16404,1.1646699999999999,1.16475185,1.1619044499999998,be_trail,-6.299999999999084,1887.400000000107,False
2025-10-10 04:45:00,2025-10-10 06:30:00,short,1.15669,1.15723,1.1574122,1.1545234,be_trail,-5.399999999999849,1882.000000000107,False
2025-10-10 12:00:00,2025-10-10 15:15:00,short,1.15789,1.15726,1.1573642857142856,1.1539811500000003,be_trail,6.300000000001305,1888.3000000001084,True
2025-10-10 15:15:00,2025-10-10 18:00:00,long,1.15726,1.15786,1.158653857142857,1.1612499999999994,be_trail,5.999999999999339,1894.3000000001077,False
2025-10-13 01:45:00,2025-10-13 07:45:00,long,1.16039,1.16202,1.1614330714285712,1.1644299499999997,time,16.300000000000203,1910.600000000108,True
2025-10-13 10:30:00,2025-10-13 10:45:00,long,1.1613,1.1604,1.1600188999999999,1.1651433000000004,be_trail,-8.999999999999009,1901.600000000109,False
2025-10-15 16:30:00,2025-10-15 20:30:00,long,1.1621,1.1633,1.1628462142857143,1.16564315,be_trail,12.000000000000899,1913.60000000011,True
2025-10-16 00:15:00,2025-10-16 01:45:00,short,1.16442,1.16506,1.1651255249999999,1.1623034250000004,be_trail,-6.399999999999739,1907.20000000011,False
2025-10-16 10:45:00,2025-10-16 14:15:00,long,1.1655499999999999,1.16513,1.1647351428571429,1.1689999999999992,be_trail,-4.199999999998649,1903.0000000001114,False
2025-10-16 14:45:00,2025-10-16 18:45:00,long,1.16525,1.16679,1.1662352857142857,1.1682894500000003,be_trail,15.400000000000968,1918.4000000001124,True
2025-10-20 04:30:00,2025-10-20 05:15:00,short,1.16621,1.16686,1.1669143750000002,1.1640968749999994,be_trail,-6.500000000000394,1911.900000000112,False
2025-10-20 05:45:00,2025-10-20 07:45:00,short,1.16676,1.1671799999999999,1.1673986428571428,1.1645054249999998,be_trail,-4.199999999998649,1907.7000000001135,False
2025-10-20 09:00:00,2025-10-20 10:00:00,short,1.16737,1.1659199999999998,1.1668184285714285,1.1656277500000003,tp,14.500000000001734,1922.200000000115,True
2025-10-20 10:15:00,2025-10-20 13:00:00,long,1.16625,1.1662,1.1655377142857142,1.16889,be_trail,-0.5000000000010552,1921.700000000114,False
2025-10-20 15:00:00,2025-10-20 19:30:00,long,1.1657199999999999,1.16519,1.165121642857143,1.1690799999999992,be_trail,-5.299999999999194,1916.400000000115,False
2025-10-20 21:45:00,2025-10-21 03:00:00,long,1.1644299999999999,1.16442,1.1646977142857142,1.1667138999999997,be_trail,-0.09999999999843467,1916.3000000001166,False
2025-10-21 04:15:00,2025-10-21 05:45:00,short,1.16503,1.1636799999999998,1.1643607857142857,1.16352235,tp,13.500000000001844,1929.8000000001184,True
2025-10-21 19:30:00,2025-10-22 01:30:00,short,1.16162,1.16021,1.160677857142857,1.1574869000000003,time,14.100000000001334,1943.9000000001197,True
2025-10-22 04:00:00,2025-10-22 05:00:00,short,1.16048,1.1605699999999999,1.16096415,1.1590275499999996,be_trail,-0.8999999999992347,1943.0000000001205,False
2025-10-22 06:00:00,2025-10-22 08:00:00,short,1.16087,1.1609699999999998,1.1612907857142856,1.1591174,be_trail,-0.9999999999976694,1942.0000000001228,False
2025-10-22 10:45:00,2025-10-22 11:00:00,long,1.1604999999999999,1.16008,1.1595880499999998,1.1632358500000002,be_trail,-4.199999999998649,1937.800000000124,False
2025-10-22 12:00:00,2025-10-22 13:15:00,long,1.15983,1.15917,1.15865585,1.1633524499999999,be_trail,-6.599999999998829,1931.2000000001253,False
2025-10-22 23:15:00,2025-10-23 02:00:00,long,1.1611099999999999,1.16128,1.1608744642857143,1.1629195249999997,be_trail,1.7000000000022553,1932.9000000001274,False
2025-10-23 04:00:00,2025-10-23 04:15:00,long,1.1604999999999999,1.16016,1.160039425,1.1618817249999998,be_trail,-3.399999999997849,1929.5000000001296,False
2025-10-23 09:15:00,2025-10-23 11:00:00,short,1.16002,1.16008,1.1602223214285714,1.158517525,be_trail,-0.5999999999994898,1928.9000000001301,False
2025-10-23 14:45:00,2025-10-23 17:00:00,long,1.1591799999999999,1.16071,1.1599842142857142,1.1614707999999998,tp,15.300000000000313,1944.2000000001306,True
2025-10-24 10:15:00,2025-10-24 10:30:00,short,1.1609099999999999,1.16137,1.16175,1.1583899999999994,be_trail,-4.60000000000127,1939.6000000001293,False
2025-10-24 11:15:00,2025-10-24 15:30:00,short,1.16129,1.1615499999999999,1.1620509285714284,1.1578262,be_trail,-2.5999999999992696,1937.00000000013,False
2025-10-27 00:45:00,2025-10-27 04:00:00,short,1.16324,1.16357,1.1639556785714285,1.16071115,be_trail,-3.2999999999994145,1933.7000000001308,False
2025-10-27 04:45:00,2025-10-27 09:00:00,short,1.16404,1.16269,1.1629526428571428,1.1617716249999996,be_trail,13.499999999999623,1947.2000000001303,True
2025-10-27 12:00:00,2025-10-27 12:15:00,short,1.16283,1.16303,1.16372125,1.16015625,be_trail,-1.9999999999997797,1945.2000000001306,False
2025-10-27 22:30:00,2025-10-28 01:45:00,short,1.16443,1.16489,1.1651407,1.1622979000000002,be_trail,-4.599999999999049,1940.6000000001316,False
2025-10-28 03:00:00,2025-10-28 03:15:00,short,1.16512,1.16541,1.16556,1.1638,be_trail,-2.900000000001235,1937.7000000001303,False
2025-10-28 04:30:00,2025-10-28 06:45:00,short,1.16561,1.16584,1.1663682142857141,1.1630600000000006,be_trail,-2.2999999999995246,1935.4000000001308,False
2025-10-28 11:30:00,2025-10-28 11:45:00,long,1.1658899999999999,1.16588,1.16505395,1.1683981499999998,be_trail,-0.09999999999843467,1935.3000000001325,False
2025-10-28 23:15:00,2025-10-29 02:45:00,long,1.16568,1.16511,1.16525075,1.1680536000000004,be_trail,-5.699999999999594,1929.6000000001327,False
2025-10-29 03:45:00,2025-10-29 06:30:00,short,1.16562,1.16434,1.1647154285714287,1.163958825,tp,12.800000000001699,1942.4000000001345,True
2025-10-29 18:15:00,2025-10-29 18:30:00,short,1.16456,1.16492,1.1657031,1.1611307000000002,be_trail,-3.5999999999991594,1938.8000000001352,False
2025-10-30 04:30:00,2025-10-30 05:00:00,short,1.16093,1.16144,1.1616131,1.1588806999999999,be_trail,-5.1000000000001044,1933.7000000001353,False
2025-10-30 05:30:00,2025-10-30 07:00:00,short,1.16157,1.16161,1.1621117142857145,1.15934475,be_trail,-0.40000000000040004,1933.3000000001348,False
